"programme","funding_body","country","application_url","status","type_label","citizenship_rule_verbatim","prior_doctoral_enrolment_rule_verbatim","age_or_time_since_degree_limit","money_what_is_covered_and_not","duration","deadline_and_round_status","portable_or_tied","field_fit_1to5","date_retrieved"
"Promotionsförderung (Promotionsstipendium)","Studienstiftung des deutschen Volkes","Germany (doctorate abroad possible for German citizens with justification)","https://www.studienstiftung.de/infos-fuer-promovierende/promotionsfoerderung-der-studienstiftung/bewerbung","ELIGIBLE","SCHOLARSHIP (portable)","For a doctorate abroad: ""dies setzt bei Promovierenden die deutsche Staatsbürgerschaft oder eine in Deutschland erworbene Hochschulzugangsberechtigung voraus."" FAQ ""Kann ich im Ausland promovieren?"" -> ""Ja, unter bestimmten Voraussetzungen"" (one-page justification required).","No clause on prior enrolment. Nearest: ""In der Regel fördern wir nur die erste Promotion"" (FAQ). Funding start: ""Die Förderung kann erst einsetzen, sobald in Vollzeit an der Dissertation gearbeitet wird."" FLAG: disclose the 2016-18 enrolment; ""erste Promotion"" is about a completed first doctorate, but ask in writing.","""Zum Zeitpunkt der Bewerbung darf der letzte Studienabschluss nicht länger als vier Jahre und drei Monate zurückliegen."" Clock runs from the Bremen M.Sc. (23 Mar 2026) -> inside window until ~Jun 2030. No age limit stated.","EUR 1,650/month stipend + Forschungskostenpauschale max EUR 100/month = ""bis zu 1.750 Euro pro Monat"" (2025/26 BMFTR rate). Health insurance: 50% of costs, max EUR 100/month. Earnings allowance EUR 3,070/yr. Travel/tuition abroad on application. NOT covered: pension, unemployment insurance, employer social security (stipend, not employment). German universities charge no tuition (semester fee ~EUR 300-400).","3 years + 6 months on request; max 42 months (54 with children)","Fixed call windows: 1-14 Oct 2026; 1-14 Feb 2027; 1-14 Jun 2027; 1-14 Oct 2027 (new call procedure since summer 2026). Decision ~7 months after call. Annual/recurring.","PORTABLE (bring to any German university; abroad with justification)","1-5, no subject restriction","2026-09-07"
"Promotionsstipendium / Promotionsförderung","Konrad-Adenauer-Stiftung (KAS)","Germany (EU/UK/CH in justified individual cases)","https://www.kas.de/documents/d/begabtenfoerderung-und-kultur/forderrichtlinien_promotionsforderung-25-09-01-250579858-1-","CONDITIONAL (values fit + civic engagement are hard selection criteria)","SCHOLARSHIP (portable)","""Gefördert werden können Graduierte, die an einer staatlichen oder staatlich anerkannten deutschen Hochschule zur Promotion ... zugelassen sind. Die Promotion ... können in besonders begründeten Einzelfällen auch im europäischen Ausland (EU-Länder, Großbritannien, Schweiz) gefördert werden.""","No clause found. Exclusions: ""Nicht gefördert werden können Personen, die für den gleichen Zweck (Promotion ...) und den gleichen Zeitraum aus anderen Mitteln gefördert werden oder wurden; Promotionen in der Schlussphase und Post-Doktoranden-Programme"".","""deren promotionsbefähigender Studienabschluss zum Zeitpunkt des Bewerbungsschlusses nicht länger als fünf Jahre zurückliegt (monatsweise Rechnung)"" -> from Mar 2026, valid to ~Mar 2031. Sept-2025 Richtlinien contain NO age limit (the often-cited 35 is outdated).","""Das Stipendium beträgt höchstens 1.650 Euro im Monat"" + EUR 100/month research allowance. Family supplement EUR 155; child EUR 155 (+50 each further, max 255). Health-insurance subsidy where no statutory membership. Abroad: ""Für gänzlich im europäischen Ausland durchgeführte Promotionen ... gelten Inlandskonditionen""; tuition abroad ""können auf Antrag bezuschusst werden"". NOT covered: social security/pension; paid work >20 h/month bars funding. NOTE kas.de English page still shows EUR 1,550 (outdated).","""Die Förderung endet im Regelfall nach drei Jahren""; +6 months once; max 4.5 years","""Bewerbungsschlusstermine sind der 15. Januar und der 15. Juli eines Jahres, jeweils um 12:00 Uhr MEZ"" -> next 15 Jan 2027 12:00 CET. Annual x2.","PORTABLE","1-5","2026-09-07"
"Promotionsstipendium","Rosa-Luxemburg-Stiftung (Studienwerk)","Germany, other EU states, Switzerland","https://www.rosalux.de/stiftung/studienwerk/stipendienbewerbung","CONDITIONAL (left-political engagement over >=18 months is a hard criterion)","SCHOLARSHIP (portable within DE/EU/CH)","German applicants need ""Promotionszulassung einer Universität, bzw. Hochschule in Deutschland, einem anderen EU Staat oder der Schweiz"".","No exclusion for prior enrolment. FAQ: if a doctorate was previously FUNDED by another institution, that period counts against the RLS 3-year maximum. FLAG: only matters if the 2016-18 Bochum period carried a stipend/post.","FAQ: no age limit. No time-since-degree cap found.","Amount NOT stated on RLS pages opened; BMFTR standard EUR 1,650 + 100/month applies (not verified on an RLS page). NOT covered: employment/social security.","""maximal 3 Jahre Regelförderzeit""","""Bewerbungsschluss ist der 1. Oktober 2026 23:59 Uhr"" (round opened 20 Aug 2026). Second annual round exists (secondary sources give 30 Apr / 1 Apr - RLS page only confirms 1 Oct). ""Es können keine Unterlagen nachgereicht werden!""","PORTABLE","1-5 (medicine excluded)","2026-09-07"
"Promotionsförderung für Deutsche, Bildungsinländer:innen und Geflüchtete","Friedrich-Ebert-Stiftung (FES)","Germany only","https://www.fes.de/studienfoerderung/stipendium/promotionsfoerderung-fuer-deutsche-bildungsinlaender-innen-und-gefluechtete","CONDITIONAL (deadlines not published on page; social-democratic engagement required)","SCHOLARSHIP (tied to a German university)","Eligible are those who ""an einer deutschen Hochschule oder Fachhochschule zur Promotion zugelassen sind""; doctorate at ""einer staatlichen oder staatlich anerkannten deutschen Hochschule"". Doctorate abroad NOT fundable.","No clause found on page.","No age limit on page. Apply ""bis circa zwei Jahre vor Abgabe der Dissertation"".","""monatlich 1650 Euro, sowie eine monatliche Forschungskostenpauschale von 100 Euro"". Health insurance/travel/fees not stated. NOT covered: social security.","""Der Förderzeitraum beträgt in der Regel dreieinhalb Jahre.""","NOT published on the page opened - confirm by e-mail before planning.","PORTABLE within Germany","1-5 (medicine excluded)","2026-09-07"
"Promotionsstipendium","Heinrich-Böll-Stiftung (Studienwerk)","Germany; EU abroad with special justification","https://www.boell.de/de/stipendium-promotion","CONDITIONAL (ecology/sustainability themes have priority - good fit)","SCHOLARSHIP (portable within DE/EU)","For ""Promovierende aus dem Inland (Deutsche, Bildungsinländer*innen)"" the doctorate may be ""in Deutschland oder im EU-Ausland""; footnote: ""Die Förderung von Auslandspromotionen innerhalb der EU ist möglich, bedarf aber bzgl. der Studienort- und Studienfachwahl einer besonderen Begründung.""","No clause found. Stage rule: ""Erste Vorarbeiten des Promotionsvorhabens müssen abgeschlossen sein; valider Zeitplan zur Durchführung muss vorliegen."" ""Abschlussförderung bis zu einem Jahr: Nicht möglich.""","No age limit found; no time-since-degree cap found.","Infoblatt June 2025: ""1550 EUR/Monat Grundstipendium plus 100 EUR mtl. Forschungskostenpauschale"", footnote ""ab 10/2025 1650,00 EUR Grundstipendium/Monat"" -> EUR 1,750/month. Tuition: ""In Deutschland: nicht möglich; im Ausland: in begrenztem Umfang möglich."" NOT covered: social security/pension.","""i.d.R. 3,5 Jahre (drei Jahre Regelförderzeit zzgl. Verlängerungsmöglichkeit um bis zu 6 Monate)""","1 March and 1 September each year. Next: window 15 Jan 2027 - 1 Mar 2027; then 15 Jul - 1 Sep 2027. (1 Sep 2026 round just closed.) Annual x2.","PORTABLE","1-5","2026-09-07"
"Promotionsförderung","Hanns-Seidel-Stiftung (HSS)","Germany","https://www.hss.de/fileadmin/user_upload/HSS/Dokumente/Stipendium/Bewerbung/2025-Richtlinien-Promotion.pdf","CONDITIONAL (CSU-aligned engagement; two-semester probation phase)","SCHOLARSHIP (tied to German university)","""Antragsberechtigt sind deutsche und EU-Studierende sowie Bildungsinländer/-innen (§8 BaföG) mit einem abgeschlossenen Hochschulstudium, das den Zugang zur Promotion eröffnet.""","No clause on prior enrolment. BUT: ""Von der Bewerbung ausgeschlossen sind Bewerber/-innen, die für den gleichen Zweck entweder aus anderen Mitteln gefördert werden oder aus öffentlichen Mitteln bereits bis zur Höchstförderungsdauer (= 3 Jahre) unterstützt worden sind. Die Förderungsdauer (Promotion), die ein Bewerber/eine Bewerberin bereits aus öffentlichen Mitteln gefördert worden ist, wird ... grundsätzlich auf die Gesamtförderungszeit angerechnet."" FLAG: publicly funded 2016-18 time would be deducted.","2025 Richtlinien contain no age limit (the cited ""32"" is absent) - confirm with the Referent.","""Die Höhe der Promotionsstipendien liegt bei monatlich 1.650 EUR zuzüglich einer Forschungskostenpauschale von 100 EUR."" Family EUR 155; child EUR 155 (+50, max 255). Health-insurance subsidy not stated. NOT covered: social security.","3 years subject to ""Probeförderung"" (2 semesters); +6 months; max 4 years","Windows 15 Dec 2026 - 15 Jan 2027 and 15 Jun - 15 Jul 2027. Annual x2.","PORTABLE within Germany","1-5","2026-09-07"
"Promotionsstipendium","Friedrich-Naumann-Stiftung für die Freiheit","Germany, EU, Switzerland","https://www.freiheit.org/de/deutsche-promovierende","CONDITIONAL (liberal-political engagement; 1+1-year funding renewal)","SCHOLARSHIP (portable DE/EU/CH)","No explicit citizenship clause found on page. Funds ""Promotionen an staatlichen oder staatlich anerkannten Hochschulen"" in Germany, Switzerland and the EU; must be ""zur Promotion an einer Hochschule zugelassen"".","No clause found. Excluded: ""Promotionen in der Humanmedizin und Zahnmedizin, Postdoc-Programme, konsekutive Studiengänge, Dissertationen in der Endphase, Projekte"".","No age limit found; no time-since-degree cap found.","""Das Promotionsstipendium beträgt 1.650 EUR monatlich, zusätzlich erhalten Promovierende eine Forschungskostenpauschale in Höhe von 100 EUR monatlich."" Research stay abroad up to 12 months. NOT covered: social security; fees not stated.","""zunächst ein Jahr und kann um ein weiteres Jahr auf Antrag verlängert werden""; beyond 3 years only exceptionally","""jeweils vom 1.-30. April und vom 1.-31. Oktober"" -> next window 1-31 Oct 2026. Annual x2.","PORTABLE","1-5","2026-09-07"
"Promotionsförderung","Cusanuswerk (Catholic Begabtenförderungswerk)","Germany; foreign institution possible for German citizens","https://www.cusanuswerk.de/bewerbung/promovierende/promotion","CONDITIONAL - only if member of the Catholic Church","SCHOLARSHIP (portable, incl. abroad)","German citizens: admission to a recognised domestic or foreign institution. Hard requirement: ""Mitgliedschaft in der katholischen Kirche"" and ""ein gelebter christlicher Glaube und die Bereitschaft, die Kirche mitzugestalten"".","No clause found on pages opened.","No age limit mentioned.","Application page: ""1.750,00 Euro"" (1,650 + 100); funding page still shows outdated ""1.650,00 Euro ... 1.550,00 EUR zzgl. ... 100,00 EUR"" - two pages disagree, 1,750 matches the BMFTR rate. Health insurance: ""50% der Gebühren bis zu max. 100,00 Euro monatlich"". Abroad: ""Reisekosten und Studiengebühren erstattet"". NOT covered: social security.","""max. drei Jahre und sechs Monate""; +12 months illness/childcare","Verfahren I-2027: registration by 1 Nov 2026 (decision Mar 2027); Verfahren II-2027: 1 Jun 2027. Annual x2.","PORTABLE","1-5","2026-09-07"
"Promotionsstipendium","Evangelisches Studienwerk Villigst (Protestant)","Germany; whole doctorate in EU/UK/Norway/Switzerland possible for German citizens","https://www.evstudienwerk.de/stipendium/promotion/faq-haeufig-gestellte-fragen-zum-promotionsstipendium/","CONDITIONAL (church membership, with stated exception route; most age-friendly German work)","SCHOLARSHIP (portable)","""Ja, in begründeten Fällen können deutsche Staatsangehörige an einer Hochschule in einem Mitgliedsstaat der Europäischen Union, in Großbritannien, in Norwegen oder in der Schweiz promovieren."" Church: ""Das Evangelische Studienwerk nimmt in begründeten Ausnahmefällen Promovierende auf, die nicht Mitglied der Evangelischen Kirche sind.""","Q ""Ich bin schon seit mehr als einem Jahr zur Promotion zugelassen, kann ich mich trotzdem bewerben?"" A: ""Sie können sich bewerben, wenn Sie noch nicht länger als ein Jahr an dem Projekt gearbeitet haben (Stichtag: Einreichen der Bewerbung)."" Clock is on the CURRENT project; apply early in the new doctorate.","Q ""Ich bin älter als 35 Jahre. Kann ich mich ... bewerben?"" A: ""Ja. Bitte erläutern Sie im Lebenslauf Gründe für Ihren Wunsch zur Promotion ..."" -> no hard age bar, written justification required.","Amount not on FAQ page; BMFTR standard EUR 1,650 + 100/month applies (not verified on a Villigst page). NOT covered: social security.","3 years, extendable to 3.5 (not verified on page opened)","1 June and 1 December each year -> next 1 Dec 2026 (selection April 2027). Annual x2.","PORTABLE","1-5","2026-09-07"
"Promotionsstipendium","Avicenna-Studienwerk (Muslim)","Germany only","https://www.avicenna-studienwerk.de/stipendium/","CONDITIONAL - only if of Muslim faith","SCHOLARSHIP (tied to German university)","Requires ""Zulassung zur Promotion an einer staatlichen oder staatlich anerkannten deutschen Hochschule"" and ""ein Sprachniveau von C1"". Doctorate entirely abroad not fundable.","No clause on prior enrolment. ""Promotion ist zum Zeitpunkt der Bewerbung in der Anfangszeit""; excluded: ""Eine Bewerbung in der Abschlussphase der Promotion"".","""Gibt es eine Altersgrenze für die Bewerbung zum Stipendium? Nein.""","EUR 1,650 + 100/month (= 1,750). NOT covered: fees, social security.","""zwei Jahre (Regelförderungsdauer)"", extendable to max 4 years","1 April and 1 October each year -> next 1 Oct 2026. Annual x2.","PORTABLE within Germany","1-5","2026-09-07"
"IMPRS MarMic - International Max Planck Research School of Marine Microbiology (direct PhD entry for M.Sc. holders)","Max Planck Institute for Marine Microbiology / University of Bremen / Jacobs (Constructor) University / AWI","Germany","https://marmic.mpg.de/marmic2/application.php?section=who","ELIGIBLE (verified 2026-09-07 by the coordinator; MarMic site intermittently returns 503)","STUDENTSHIP (programme place; PhD funding from institute/project sources)","""The program is open for both domestic and foreign students."" Direct PhD entry: ""Exceptionally qualified students can begin research for their Ph. D. thesis immediately, provided they have a M.Sc. or a Diplom / Staatsexamen."" -> he need not do the MSc phase.","No clause found on the who/application/selection/finances pages.","None stated.","Finances page: ""Students who enter the PhD program after the first 1.5 years of intensive training receive funding (approximately 1400-1500 Euro per month) from one of a variety of sources, including individual fellowships, research grants, corporate and foundation funds, or University and departmental funds."" (Figure looks stale - MPG PhD contracts are normally TVöD-based; confirm the actual contract/stipend at interview.) Tuition waived; Bremen admin fee ""about 390 Euro per semester""; health insurance obligatory, paid by student. NOT covered: relocation.","PhD ~3 years after entry; ""The beginning of the Ph.D. program is flexible.""","""Applications for 2027 are accepted until February 28th, 2027"" (application page: ""preferred until February 28 each year, but also acceptable after the deadline""; portal opens after 1 Dec 2026). Interviews in Bremen in May; decisions after 30 June. Annual.","TIED (Bremen programme)","1, 3 (marine microbiology, biogeochemistry, geomicrobiology); 2 partly","2026-09-07"
"Doctoral positions at Helmholtz / Max Planck / Leibniz marine institutes (AWI incl. POLMAR; GEOMAR; Hereon; MPI Bremen)","The institutes (TV-L / TVöD contracts); POLMAR/ISOS are training schools, not funders","Germany","https://www.geomar.de/karriere-campus/karriere/stellenangebote","ELIGIBLE (as employee)","EMPLOYMENT (tied to advertised project)","No clause found on https://www.geomar.de/karriere-campus/campus/doktorandin or https://www.awi.de/arbeiten-lernen/graduate-school-polmar.html - German public research posts carry no nationality restriction.","No clause found. FLAG: the awarding university's Promotionsordnung governs re-admission after an abandoned doctorate; check with the target faculty's Promotionsausschuss. Also WissZeitVG fixed-term quota if the 2016-18 period was a paid academic post (not verified).","None for employment.","TV-L E13 typically 65-75% (Hereon: TVöD) - exact figures only in individual vacancy texts (not stated on pages opened). Full social security, pension, paid leave; no tuition (semester fee ~EUR 350). Genuinely fully funded. NOT covered: relocation.","Usually 3 years (sometimes 3+1)","Rolling per vacancy. Example on 2026-09-07: GEOMAR ""Doktorand:in (m/w/d) im Bereich Marine Data Science"", deadline 16 Sep 2026. AWI vacancies: https://www.awi.de/arbeiten-lernen/jobs/stellenangebote.html (listed, not opened).","TIED","1, 2, 3, 4","2026-09-07"
"Doctoral positions in DFG Graduiertenkollegs / Research Training Groups (GRK / IRTG)","Deutsche Forschungsgemeinschaft (DFG), via host university","Germany","https://www.dfg.de/en/research-funding/funding-opportunities/programmes/coordinated-programmes/research-training-groups","ELIGIBLE","EMPLOYMENT (tied)","No clause found on page - GRK posts are ordinary German university posts.","No clause found - the university Promotionsordnung governs.","None stated by DFG.","DFG funds ""Posts for doctoral researchers and postdocs"" - TV-L contracts (typically E13 65%); salary set by host collective agreement, not on DFG page. No tuition; full social security.","Groups funded up to 9 years; individual posts normally 3 years","Rolling per GRK cohort. 212 RTGs incl. 28 IRTGs funded as of 2 Jun 2026. The official list https://gepris.dfg.de/programmliste/?typ=GRK&lang=en renders via JavaScript and could not be read automatically - open in a browser to identify marine GRKs.","TIED","1-4 depending on GRK","2026-09-07"
"MSCA Doctoral Networks - doctoral candidate posts (hosts OUTSIDE Germany)","European Commission / REA (Horizon Europe MSCA), paid via recruiting host","EU + Associated Countries (NOT German-hosted nodes - see ineligible list)","https://euraxess.ec.europa.eu/jobs/search","ELIGIBLE for non-German hosts (EMPLOYMENT, not a scholarship - he applies to individual vacancies, not to the Commission)","EMPLOYMENT (tied to network project)","Work Programme 2026-27: ""Recruited researchers can be of any nationality and must comply with the following mobility rule: they must not have resided or carried out their main activity (work, studies, etc.) in the country of the recruiting beneficiary for more than 12 months in the 36 months immediately before their recruitment date.""","""Supported researchers must be doctoral candidates, i.e. not already in possession of a doctoral degree at the date of the recruitment."" Footnote: ""Researchers who have successfully defended their doctoral thesis but who have not yet formally been awarded the doctoral degree will not be considered eligible."" -> prior enrolment WITHOUT a degree is NOT an exclusion.","None (no age limit, no years-since-master's limit).","Unit rates per person-month: living allowance EUR 4,250 (gross, country-corrected; ""a gross amount, including compulsory deductions ... employer and employee social security contributions and direct taxes""), mobility EUR 710, family EUR 660 if applicable. Employment contract ""with full social security coverage"" is mandatory. Net take-home typically ~EUR 2,000-2,800/month depending on country and tax. Tuition where charged: from the host's research/training contribution - verify per vacancy. NOT covered: relocation (mobility allowance is meant for it).","Typically 36 months per doctoral candidate","Rolling per vacancy (network consortia call closes 24 Nov 2026 - that is for universities, not him). Filter EURAXESS by ""Horizon Europe - MSCA"" + R1/PhD. No IELTS/TOEFL normally required (check each advert).","TIED","1-5 depending on network","2026-09-07"
"PhD posts in ERC-funded teams (StG/CoG/AdG/SyG)","European Research Council grant held by the PI's host institution","EU + Associated Countries (incl. Germany - no mobility rule)","https://erc.europa.eu/manage-your-project/set-and-develop-your-team","ELIGIBLE","EMPLOYMENT (tied)","""ERC grantees can use their funding to recruit other researchers and team members for their project."" No citizenship/mobility/age rule for team members (no clause found on page).","No clause found on page; host institution's doctoral admission rules govern.","None.","Set by host national pay scale (Germany TV-L E13 65-100%; NL CAO-NU etc.). Not fixed by ERC. Verify per vacancy.","3-4 years, bounded by grant lifetime","Rolling; advertised on EURAXESS, institute job pages and PI group sites. No central ERC vacancy board.","TIED","1-5","2026-09-07"
"DAAD Forschungsstipendien für Doktorandinnen und Doktoranden (research stay abroad DURING a German doctorate)","DAAD","Any host country; requires doctorate registered in Germany","https://www2.daad.de/ausland/studieren/stipendium/de/70-stipendien-finden-und-bewerben/?detail=57556279","CONDITIONAL - add-on only; DAAD does NOT fund a full foreign PhD for a German national","SCHOLARSHIP (tied, mobility top-up)","""Sie können sich bewerben, wenn Sie an einer deutschen Hochschule (einschließlich HAW mit Promotionsrecht) promovieren."" ""Dieses Programm fördert Forschungsaufenthalte im Ausland während einer Promotion in Deutschland.""","""Der Beginn des Promotionsstudiums darf zum Bewerbungsschluss nicht länger als drei Jahre zurückliegen."" FLAG: time-since-Promotionsbeginn cap; read literally it refers to the current doctorate, but this is the one German wording that is genuinely ambiguous for a 2016-18 prior enrolment - ask DAAD in writing.","No age limit stated; 3-year Promotionsbeginn cap is the binding rule.","""eine monatliche, je nach Gastland festgelegte Stipendienrate"" - amount country-specific, not stated on page (not verified). Travel and insurance typically included (not stated on page opened).","""Mindestens 1 Monat bis maximal 12 Monate pro Förderung""; max 18 months total per doctorate","Windows: 1 Oct - 16 Nov 2026; 1 Feb - 15 Mar 2027 (2 May - 15 Jun 2026 closed). Recurring.","TIED (add-on to a German doctorate)","1-5","2026-09-07"
"Fulbright Doktorand:innenprogramm (4-6-month research stay in the USA)","Deutsch-Amerikanische Fulbright-Kommission","USA (requires current German doctoral enrolment)","https://fulbright.de/stipendien/programm/doktorandinnenprogramm","CONDITIONAL - only once enrolled in a German doctorate; research stay, not a PhD","SCHOLARSHIP (tied)","""Die Bewerber:innen benötigen die deutsche Staatsangehörigkeit""; must ""promovieren an einer Universität oder Fachhochschule mit Promotionsrecht""; preference for ""Lebens- und Forschungsmittelpunkt in Deutschland"".","No clause found. Current enrolment required; prior enrolment irrelevant.","No age limit found on pages opened.","""monatliche Unterhaltskostenpauschale von 2.400 Euro (für maximal sechs Monate)""; partner EUR 276, first child EUR 400, further EUR 100; fee-free J-1 visa; ASPE accident/sickness cover. (Older figure EUR 1,600 circulating is superseded by the page opened 2026-09-07.) NOT covered: salary/social security; US tuition n/a.","""vier- bis sechsmonatigen Forschungsstipendiums""; stay between 1 Aug 2027 and 31 May 2028","""Bitte bewerben Sie sich bis zum 7. Oktober 2026 (13:59 Uhr)"" for 2027-28 (previous cycle 5 Nov 2025). Annual. No TOEFL requirement stated on pages opened (absence of evidence - confirm).","TIED (add-on to a German doctorate)","1-5 (US organic-geochemistry/CSIA labs = strong field 2 fit)","2026-09-07"
"PhD candidate (promovendus) employment, CAO-NU scale P - e.g. Utrecht Earth Sciences, VU, NIOZ, Naturalis (three live vacancies verified)","Dutch universities / research institutes (CAO-NU / CAO-OI)","Netherlands","https://www.academictransfer.com/en/jobs/363282/phd-position-on-modelling-of-turbidity-current-fluxes-in-submarine-canyons/","ELIGIBLE (system); individual posts vary in field fit","EMPLOYMENT (tied to advertised post)","No clause found on any of the three vacancy pages or on the Leiden salary-scale page. EU citizen: no work permit needed.","No clause found on any page opened.","None.","Scale P (Leiden page, valid from 1 Jul 2025): P0 EUR 3,059 / P1 3,546 / P2 3,708 / P3 3,881 gross per month full-time, + 8% holiday allowance + 8.3% year-end bonus; pension; taxed. Live vacancies: Utrecht ""EUR 3.204 and EUR 4.051""; VU ""EUR 3.059 ... maximum EUR 3.881""; Naturalis ""EUR 3,463.00"". No tuition. NOT covered: Dutch health-insurance premium (~EUR 140-160/month, compulsory), relocation.","4 years (1-year contract + 3-year extension after go/no-go)","Per vacancy. Verified open on 2026-09-07: Utrecht turbidity-current PhD 2 Oct 2026 (field 4, modelling); VU MAGMAS 10 Sep 2026 (mantle geochemistry - poor fit); Naturalis North Sea foodwebs 28 Sep 2026 (ecosystem modelling). No IELTS/TOEFL named - ""good command of spoken and written English"". Search AcademicTransfer (server-side search works; EURAXESS filters do not).","TIED","1-4 depending on post; NIOZ/Utrecht/VU host organic geochemistry and marine biogeochemistry groups","2026-09-07"
"PhD Research Fellow (stipendiat, code 1017) - template: UiB Marine Biogeochemistry, Bjerknes Centre (round closed 4 Feb 2026)","University of Bergen / Norwegian universities and institutes","Norway","https://www.jobbnorge.no/en/available-jobs/joblisting/pdf/293286","ELIGIBLE (system); this exact post closed - monitor Jobbnorge for the next","EMPLOYMENT (tied)","No citizenship clause. Only: ""The University of Bergen is subject to the regulations for the export control system. The regulation will be applied in the processing of the applications.""","""The employment period may be reduced if you have previously been employed in a qualifying post (e.g., research fellow, research assistant)."" FLAG: bites only if the 2016-18 Bochum period was a salaried research post; disclose and clarify with HR.","None. ""The permitted timeframe is six years from acceptance into the PhD program until thesis submission"" (NTNU DION page).","""gross annual salary of NOK 568 700"" (UiB advert, code 1017) + Norwegian Public Service Pension Fund; taxed (~30-35%). No tuition. NTNU DION page shows NOK 430,500 - outdated; two sources disagree, trust the live advert. NOT covered: relocation.","3 years, or 4 with 25% teaching/dissemination duties","Rolling per vacancy on Jobbnorge (this post: 4 Feb 2026, closed). PhD-programme admission is applied for within 2 months of starting the job. English: ""approved documentation of proficiency in English (if required, cf. English language requirements for PhD admission)"" - check UiB rules; UNIcert III may or may not be accepted.","TIED","1 (exact fit: transient tracers, carbon, nutrients, oxygen); 2-4 also well represented in Norway","2026-09-07"
"PhD fellow employment (5+3 scheme), AC collective agreement - Aarhus / Copenhagen / DTU Aqua","Danish universities","Denmark","https://phd.arts.au.dk/applicants/scholarshipfellowshipsalary","ELIGIBLE","EMPLOYMENT (tied)","No citizenship clause. ""Non-Danish applicants must obtain a residence and work permit before employment can commence"" - not applicable to an EU citizen.","""It is normally a condition for employment that the person in question does not already have a PhD degree"" - about holding a PhD, not prior enrolment. No prior-enrolment clause found.","None found.","Salary sheet ""As of 1 August 2026"": seniority 1 = grade pay DKK 30,264.08 + pension DKK 5,468.75 + supplements DKK 1,580.92 = DKK 37,313.75/month (+ holiday pay DKK 4,010.88); seniority 3 DKK 40,091.92; seniority 4 DKK 42,625.59. Taxed (~37-42%). No tuition. TRAP: the 4+4 ""Part A"" route pays only ""2 SU vouchers = DKK 14,172 per month before tax"" and is a combined master's+PhD - avoid; enter via 5+3 with the completed M.Sc.","3 years","Per call; graduate schools run 1-2 fixed calls/year plus project ads. Next round not published on pages opened. Needs project description + named supervisor (2-3 months lead). DTU Aqua / Copenhagen not separately verified.","TIED","1-4","2026-09-07"
"Doctoral student employment (anställning som doktorand) - Stockholm University ladder (Gothenburg/Lund/Uppsala similar)","Swedish universities","Sweden","https://medarbetare.su.se/en/employment/my-employment/salary-and-compensation/salary-for-doctoral-students","ELIGIBLE","EMPLOYMENT (tied)","No clause found on page.","No clause found on page.","None on page.","From 1 Oct 2025: start SEK 31,600/month, 50% of degree SEK 33,300, 80% SEK 34,700. From 1 Oct 2026: SEK 32,900 / 34,000 / 35,000 (agreement signed 25 Nov 2025). Taxed; pension and social insurance included. No tuition. NOT covered: relocation. Low relative to Stockholm rents.","4 years net study time (often 5 calendar years with 20% duties)","Per advertised position (Swedish law requires public advertisement). Gothenburg marine sciences not separately verified.","TIED","1-4","2026-09-07"
"University-funded doctoral researcher positions, University of Helsinki","University of Helsinki","Finland","https://jobs.helsinki.fi/job/Helsinki-University-funded-doctoral-researcher-positions/1370097857/","ELIGIBLE (2026 call closed today)","EMPLOYMENT (tied)","No citizenship clause. Requirement: ""completed a degree entitling them to pursue doctoral studies (second-cycle higher education degree or equivalent)"".","No clause found on page.","None stated.","""The salary of a new doctoral researcher is typically between EUR 2,500 and EUR 2,800 per month."" Employment; taxed. No tuition. NOT covered: relocation.","""no more than four years""; six-month trial period","7 Sep 2026 (closed today). Annual; next round not published (previous cycle 7 Sep 2026, indicative). Needs supervisor + research plan + doctoral-programme admission (3+ months lead).","TIED","1-3 (Baltic-focused); Turku and Syke are the other marine hosts","2026-09-07"
"Doctoral assistant employment - EPFL (ETH Zurich rates not extractable)","EPFL / ETH Domain","Switzerland","https://www.epfl.ch/campus/services/human-resources/basic-starting-salary-of-doctoral-assistants-and-postdocs","ELIGIBLE","EMPLOYMENT (tied)","No clause found on page. EU citizens have free-movement access.","No clause found on page.","None on page.","EPFL ""Doctoral Assistants 2026 Gross Annual Salary (including the 13th salary month) 1st year 55,225"" CHF, +CHF 1,000/yr to CHF 58,225. Gross; Swiss social contributions, tax and compulsory health insurance (~CHF 300-450/month, individual) deducted. Nominal semester fee. ETH Zurich doctoral fixed rates: table renders as image - NOT VERIFIED (ETH Board 2026 PDF has no doctoral rates; Dec 2025 notice confirms a Jan 2026 rise, lowest tier +3%).","Typically 4 years","Per position / doctoral-school round. ETH Geological Institute (biogeoscience, organic geochemistry) is the Swiss field-2 match; EPFL has little marine work.","TIED","1, 2, 4 (ETH); EPFL weak","2026-09-07"
"FWF-funded doctoral candidate posts (standard personnel rate; also doc.funds)","Austrian Science Fund (FWF) via host university","Austria","https://www.fwf.ac.at/en/funding/steps-to-your-fwf-project/further-information/personnel-costs","ELIGIBLE","EMPLOYMENT (tied to PI's project)","No clause found on page.","No clause found on page.","None on page.","2026 doctoral rate ""EUR 50,220.00 per year"" at max 30 h/week (100% basis EUR 66,960); monthly gross EUR 2,832.10; +4.25%/yr from year 2. Employment under university collective agreement; taxed; social insurance included; only ÖH fee. NOT covered: relocation.","3-4 years matching host project","Per vacancy (FWF funds the supervisor's project). Vienna CeMESS / Dept of Geology, Graz.","TIED","2, 4; 3 (Vienna CeMESS marine microbiology)","2026-09-07"
"Contrat doctoral (ministerial/institutional doctoral contract) - Sorbonne/LOCEAN, Ifremer, IUEM Brest, EPOC Bordeaux, MIO Marseille","French State / host institution / ANR / Ifremer","France","https://www.legifrance.gouv.fr/jorf/id/JORFTEXT000046820745","ELIGIBLE","EMPLOYMENT (tied; allocated via ecole doctorale concours)","""il n'y a aucune condition d'âge ou de nationalité requise"" (https://u-paris.fr/doctorat/le-contrat-doctoral/).","No clause found on either page. Only ""doctoral enrollment must be effective at the contract start date""; a master's in the preceding year is NOT mandatory.","Explicitly none.","Arrêté (Legifrance): ""à compter du 1er janvier 2026 : 2 300 euros brut"" per month. Public-law employee (""agents non-titulaires de l'état""); social security and pension included; net ~EUR 1,850-1,900. Doctoral registration fee ~EUR 400/yr NOT automatically covered. NOT covered: relocation.","""CDD de droit public de 3 ans""","Ecole doctorale concours ~May-July each year for October start (not published yet; previous cycle indicative); ANR/Ifremer project posts year-round. Need supervisor + subject BEFORE the concours; start 6+ months ahead. French helpful, not required.","TIED","1, 2, 4 strong (LOCEAN, IUEM, EPOC lipid biomarkers, MIO)","2026-09-07"
"FWO PhD Fellowship fundamental research","Research Foundation - Flanders (FWO)","Belgium (Flanders)","https://www.fwo.be/en/support-programmes/all-calls/phd/phd-fellowship-fundamental-research/","UNCLEAR - probably INELIGIBLE on the seniority / years-since-master's caps; get a written ruling before investing","SCHOLARSHIP (tied to a Flemish host)","No nationality clause. ""You must be affiliated to a university in the Flemish Community ..."" and ""At the start of the fellowship, you must hold a degree that is at least equivalent to a Master's degree ... awarded by the competent institutions of one of the countries of the EEA or Switzerland.""","""You may have a maximum of 18 months of scientific seniority on 1 March 2026."" ""The time span between your Master's degree or equivalent and 01 March 2026 may not be longer than three years."" ""You have not yet benefited from this fellowship, not even in part."" ""You can only apply twice."" FLAG: 2016-18 Bochum enrolment (~24 months) likely exceeds the 18-month seniority cap; the page does not say whether the 2011 or the 2026 master's starts the 3-year clock.","As above (seniority and post-master's caps).","""EUR 2,600 /month (index 2.1223 from 1/3/2025)"" + bench fee ""EUR 3,720/year""; largely tax-exempt fellowship with social-security cover via host. NOT stated: tuition, relocation, health detail.","""4 Year""; ""No extension possible""","2 Mar 2026 17:00 CET - closed; annual early March (next not published; previous cycle indicative). Internal university deadlines weeks earlier; needs Flemish ZAP supervisor + full proposal (6 months lead).","TIED","1-4 (Ghent, VUB)","2026-09-07"
"FCT PhD Studentships (Bolsas de Doutoramento), Regular Line","Fundação para a Ciência e a Tecnologia (FCT)","Portugal","https://www.fct.pt/en/concursos/concurso-bolsas-de-doutoramento-2026-linha-de-candidatura-geral/","CONDITIONAL (eligible; 2026 call closed; low money)","SCHOLARSHIP (tied to named Portuguese host + supervisor)","""Portuguese citizens, citizens of EU member states, citizens from third-party states, stateless citizens and citizens beneficiaries of political refugee status are eligible to apply.""","Applicants ""must not have previously received FCT PhD funding and cannot already hold a doctorate"". No clause on prior enrolment elsewhere -> passes.","None found on call page.","2025 table: BD ""EUR 1,309.64/month in Portugal; EUR 2,118.65/month abroad""; FCT states all grants rose EUR 50 from 1 Jan 2026 (-> ~EUR 1,359.64, derived, 2026 table is image-only - not verified). Covers tuition fees, training, conference presentation, personal accident insurance, ""when applicable, travel and relocation costs"". Bolsa, not employment: no pension; voluntary social insurance is the fellow's cost. Weakest money in the EU set.","4 years standard (not stated on call page)","31 Mar 2026 17:00 Lisbon - closed (call 2-31 Mar 2026). Annual in March; next not published (previous cycle indicative). Needs host + supervisor + work plan (2-3 months).","TIED","1-4 (CIIMAR, CCMAR, MARE, IPMA)","2026-09-07"
"Borsa di dottorato (PhD scholarship) - representative: University of Trento; marine hosts OGS Trieste, SZN Naples, CNR-ISMAR, Ca' Foscari","Italian universities / MUR","Italy","https://www.unitn.it/en/study/fees-scholarships-accommodation/scholarships-and-awards/phd-scholarships","ELIGIBLE (representative figures; check each bando)","STUDENTSHIP (place won by concorso)","No clause found on page; Italian concorsi are routinely open to foreign nationals.","No clause found on page. CAUTION: Italian bandi commonly exclude candidates who already held a funded Italian PhD place (borsa) - national norm, not verified on a primary page.","None on page.","""18,345 euros gross per year"" (to 41st cycle); from 42nd cycle (2026-27) ""from 18,345 euros to 25,200 euros gross per year""; + research budget 10% of scholarship; +50% for periods abroad. Gross before INPS gestione separata. Tuition waiver not confirmed on page (normally only regional tax + stamp duty).","3 years (renewed annually)","Per-university concorso, typically spring-summer for 1 Nov / 1 Jan start; next round not published on page. Written project + oral exam (2-3 months).","TIED","1, 4 (via marine hosts); Trento itself not marine","2026-09-07"
"Government of Ireland Postgraduate Scholarship Programme (GOIPG)","Taighde Éireann - Research Ireland","Ireland","https://www.researchireland.ie/funding/government-ireland-postgraduate/","UNCLEAR (two official sites disagree on amount and call status; 2027 call not confirmed)","SCHOLARSHIP (portable within eligible Irish HEIs, with supervisor)","No nationality clause on either page (""plus additional EUR 4,000 for non-EU nationals"" fee provision only). As an EU citizen he pays EU fees.","""open to new entrants to a Master's or PhD programme or to registered students in the first year of the degree for which they are seeking funding"" - new-entrant rule; disclose the 2016-18 enrolment and check the full call document.","None found.","researchireland.ie (2026 call): stipend EUR 25,000 p.a.; fees up to EUR 5,750 p.a.; direct research expenses EUR 3,250 p.a. research.ie (2025 call): stipend EUR 22,000; fees up to EUR 5,750. Two sources disagree; the 2026 page is newer. NOT covered: health insurance, relocation.","1-4 years","2026 call closed 23 Oct 2025 (researchireland.ie); research.ie shows ""CURRENT CALL CLOSED"". A search snippet said the programme ""will not open for the 2027 call"" - NOT confirmed on an official page. Verify directly. HEI internal deadlines ~2 weeks before national one; 4+ months lead.","PORTABLE (within Irish HEIs)","1-4 (Galway Ryan Institute, UCC MaREI)","2026-09-07"
"Marine Institute Cullen Scholarship Programme (PhD studentships)","Marine Institute (Ireland)","Ireland","https://www.marine.ie/site-area/research-funding/research-funding/post-graduate-scholarship-programmes","UNCLEAR - he cannot apply directly; watch for HEI-advertised Cullen studentships","STUDENTSHIP (tied to named project)","No clause found on page. ""Applications for Cullen Scholarships are submitted by academic staff in Higher Education Institutes in collaboration with Marine Institute researchers.""","No clause found on page.","Not stated.","Not stated on pages opened (historic: ""EUR 5 million ... 51 awards"" since 2014 -> ~EUR 100k/award over 4 yrs, inference).","Not stated (Cullen PhDs advertised as 4-year)","No Cullen call currently listed; next round not published.","TIED","1, 3, 4","2026-09-07"
"FPI / FPU predoctoral contracts (national) - ICM-CSIC Barcelona, IIM-CSIC Vigo","Agencia Estatal de Investigación (AEI) / Ministry","Spain","https://www.uah.es/es/investigacion/area-de-investigacion/programa-propio/Contratos-Predoctorales-de-Formacion-de-Personal-Investigador-FPI-2026/","UNCLEAR - national call pages returned HTTP 503 three times; only a university-internal FPI page opened","EMPLOYMENT (contrato predoctoral, Ley de la Ciencia)","NOT VERIFIED (aei.gob.es unreachable). UAH internal page gives no nationality clause.","NOT VERIFIED.","NOT VERIFIED.","NOT VERIFIED (4-year salaried contract under Ley de la Ciencia; figures not confirmed). Foreign degrees need Ministry ""equivalencia"" of grades - start months ahead (from search results, not verified on a primary page).","4 years (national FPI, not verified on primary page)","UAH internal FPI 2026 window 1-30 Sep 2026 (opened). National FPI reported 20 Oct - 20 Nov 2026 - NOT verified on an AEI page. Re-check aei.gob.es directly.","TIED (to an AEI-funded project)","1-4 (ICM-CSIC, IIM-CSIC excellent)","2026-09-07"
"ECORD Research Grants (research/travel top-up, EUR 4,000 max) - only once enrolled","ECORD / ESSAC","ECORD member countries (incl. Germany)","https://iodp3.org/call-for-applications-to-ecord-research-grants-2026/","CONDITIONAL - top-up for year 1-2 of a PhD, NOT PhD funding","SCHOLARSHIP (tied research grant)","""Applicants should be enrolled in either a PhD programme or hold a post-doctoral research position at an institution within an ECORD country.""","No clause found; must already be enrolled.","None stated.","""Maximum of EUR 4,000"" for ""travel and laboratory expenses""; no stipend, fees or salary. Work ""must be conducted outside the applicant's home institution"".","Single grant","31 Dec 2025 - closed; annual, next not published (previous cycle indicative). Needs 5-page mini-proposal + supervisor letter. ECORD summer-school scholarships (Bremen/Leicester, Apr-May 2026, closed) are attendance grants only.","TIED","2, 4 (IODP core material; MARUM Bremen Core Repository)","2026-09-07"
"Antarctic Science International Bursary (research-cost top-up)","Antarctic Science Ltd","UK-administered, worldwide","https://www.antarcticsciencebursary.org.uk/about","CONDITIONAL - top-up only, requires institutional affiliation; NOT a PhD stipend","SCHOLARSHIP (portable research grant, paid to institution)","""Bursary awards are intended to support the career development for promising early career scientists worldwide, working in any field of Antarctic science""; applicants ""must be affiliated with an institute, as payments go to institutions, not individuals"".","No clause found. ""Career breaks or reduced research activity may affect eligibility, though exceptions can be considered.""","""early career scientists"" (not quantified)","No fixed amount; ""over GBP 271,000 has been awarded to 58 early career researchers"" over 5 years (~GBP 4,670 average). Research costs only - no stipend, fees, insurance.","Single award","""Bursary applications open from January-March""; exact date not published.","PORTABLE (with institution)","1-5 where Antarctic","2026-09-07"
"IGNITE Doctoral Landscape Award (successor to INSPIRE/SPITFIRE) - Southampton + NOC, NHM, BAS, MBA","NERC (UKRI)","United Kingdom (England)","https://ignite-dla.soton.ac.uk/ignite-apply/","CONDITIONAL (30% cap ~5 places/yr; international fee gap not stated - ask; likely covered by Southampton Presidential Bursary)","STUDENTSHIP (named projects; self-proposed accepted)","""Both UK and international students are eligible to apply to an IGNITE Project. However, a maximum of 30% of IGNITE studentships (usually 5 studentships per year) can be provided to international applicants""","No clause found on page.","None stated.","""A tax-free stipend of £21,805 per year (the UK Research and Innovation 2026/27 rate)""; UK tuition fees covered; international fee difference NOT stated (unresolved). NOT covered: visa GBP 558, IHS GBP 776/yr, relocation.","3.5 years","8 Jan 2027 for Oct 2027 entry (projects live on FindAPhD mid-Nov 2026). Annual. English: ""IELTS overall 6.5 / TOEFL overall 92 (Band C), if applicable""; UNIcert not named.","TIED","1, 2, 3, 4 (NOC = best UK host for marine biogeochemistry / organic geochemistry)","2026-09-07"
"GW4+ Doctoral Landscape Training Partnership - Bristol, Bath, Cardiff, Exeter + BAS, BGS, UKCEH, NHM, PML","NERC (UKRI)","United Kingdom (England + Wales)","https://www.exeter.ac.uk/study/pg-research/funding/phdfunding/fundedcentres/gw4/","ELIGIBLE (fee difference explicitly waived)","STUDENTSHIP (named projects advertised from October)","Exeter: ""Those international students offered a NERC GW4+ Doctoral Training Partnership full studentship starting in 2026 will only be charged the 'home' tuition fee rate (which will be covered by the studentship)."" Bristol: ""There will be a limited number of studentships available to international students - including those from the EU.""","No clause found on Bristol or Exeter GW4+ pages.","None stated.","Stipend at UKRI rate (Exeter page shows GBP 20,780 for 2025/26; 2026/27 = GBP 21,805; Bristol page stale at GBP 19,237). Fees at home rate, covered; international difference not charged. NOT covered: ""UK Student visa costs or the cost of the mandatory UK Immigration Health Surcharge"".","42 months","Not published yet for Oct 2027; previous cycle 8 Jan 2026 23:59 GMT (indicative). Bristol Organic Geochemistry Unit = direct field-2 hit.","TIED","1, 2, 3, 4","2026-09-07"
"ACCE+ Doctoral Landscape Award - Liverpool, Sheffield, York + UKCEH, NHM, National Oceanography Centre","NERC (UKRI)","United Kingdom (England)","https://accedtp.ac.uk/how-to-apply/","ELIGIBLE (fees resolved; only DLA with a published Oct-2027 deadline)","STUDENTSHIP","""ACCE+ studentships are available to UK and international students. Due to UKRI funding regulations we are only able to offer up to 30% of our studentships to international applicants."" ""no more than 30% of ACCE+ interview places will be allocated to international applicants"".","No clause found on https://accedtp.ac.uk/eligibility/.","None stated.","""For 2026/27 the stipend rate is £21,805."" ""Home fees are already covered in the UKRI funding, meaning that successful international candidates do not need to find any additional funding for fees."" ""Visa, health surcharge and relocation costs for international candidates are not covered by ACCE+.""","NERC standard 3.5 years (not stated on page)","""Candidate application deadline - 5.00pm (UK time), Thursday 7th January 2027"" for Oct 2027 entry; opens late Oct 2026. Two referees; ""Not all ACCE+ departments are accepting international candidate applications"".","TIED","1, 3 (biology/ecology-weighted; NOC partner)","2026-09-07"
"ARIES Doctoral Landscape Award - UEA, Essex, Kent, Plymouth, Royal Holloway (+ BAS, CEFAS, PML)","NERC (UKRI)","United Kingdom (England)","https://www.plymouth.ac.uk/student-life/your-studies/research-degrees/doctoral-training-partnerships/aries-doctoral-training-opportunities","ELIGIBLE (fee difference waived by registering university; ARIES/UEA sites block fetching)","STUDENTSHIP (named projects)","Plymouth: ""A limited number of studentships are available for international applicants, with the difference between 'home' and 'international' fees being waived"". Kent: ""If you are applying as an international candidate, Kent will waive the difference between Home and International fees.""","No clause found on Kent or Plymouth pages.","None stated.","Stipend ""equivalent to the Research Councils UK National Minimum Doctoral Stipend, currently £20,780 p.a"" (2025/26; 2026/27 GBP 21,805); fees waived to home level; RTSG. ""ARIES funding does not cover additional costs associated with relocation to, and living in, the UK, such as visa costs or the health surcharge.""","Not stated on pages opened (NERC 3.5 yr)","Not published yet for Oct 2027; previous cycle 7 Jan 2026 23:59 GMT (indicative).","TIED","1, 2, 3, 4 (UEA, Plymouth, PML, CEFAS)","2026-09-07"
"IAPETUS Doctoral Landscape Award - Durham, Glasgow, Heriot-Watt, Newcastle, St Andrews, Stirling (+ BAS, BGS, UKCEH)","NERC (UKRI)","United Kingdom (England + Scotland)","https://iapetus.ac.uk/how-to-apply/","CONDITIONAL (fee gap left to each institution - confirm in writing with supervisor)","STUDENTSHIP (named projects online from 6 Nov 2026)","""Iapetus can award no more than 30% of studentships to international applicants each year.""","No clause found on page.","None stated.","""UKRI funding covers tuition fees at the Home fee rate."" International fee gap: discuss with supervisor, varies by institution -> not guaranteed fully funded. Stipend not printed (UKRI GBP 21,805).","Not stated","5 Jan 2027, 12:00 GMT for Oct 2027 entry; applications open 6 Nov 2026. Applicant Guidance PDF not opened.","TIED","2, 4 (Durham/Newcastle/St Andrews; BAS palaeoclimate)","2026-09-07"
"E5 Doctoral Training Partnership (successor to E4) - Edinburgh + SRUC + SAMS","NERC (UKRI)","United Kingdom (Scotland)","https://e4-dtp.ed.ac.uk/how-to-apply/entry-and-eligibility-criteria","ELIGIBLE (Edinburgh covers fee difference; 4-year award; international applicants must be PRE-NOMINATED by supervisor)","STUDENTSHIP (advertised + self-proposed)","""International students are eligible to apply for a UKRI-funded postgraduate studentships."" ""UKRI restricts the number of international students that DTPs can take on board to a maximum of 30% of their overall students' number per cohort."" ""The University of Edinburgh will cover the difference between Home fees and International fees"".","No clause found on page.","None stated.","""fully funded four-year studentship, which provides a stipend (set at UKRI rate), tuition fees and research costs of £3450"" + funded 3-month placement. NOT covered: visa, IHS, relocation.","4 years","Not published yet (""E5 DTP Application for 2027 - Opening Soon""); previous cycle 14 Dec 2025 midnight GMT (indicative). ""For international applicants, you must be pre-nominated by your prospective supervisor before submitting an application"". English: IELTS 6.5 (6.0) / TOEFL 92 (20) / CAE-CPE 176 (169) / Trinity ISE II; certificates <=2 years old; UNIcert not listed.","TIED","1, 2, 3, 4 (SAMS; Edinburgh GeoSciences organic geochemistry)","2026-09-07"
"YES-DTN (Yorkshire Environmental Sciences Doctoral Training Network, successor to Panorama) - Leeds, York, NCAS","NERC (UKRI)","United Kingdom (England)","https://yes-dtn.ac.uk/frequently-asked-questions-faqs/","ELIGIBLE on fees; weaker marine fit","STUDENTSHIP","""up to 30% of our full scholarships to international candidates"" (~7 of ~26/yr).","""Unfortunately not. We are not permitted to fund applicants who have already been awarded a doctorate."" -> turns on AWARD, not registration; he is not caught.","None stated.","UKRI-rate stipend (GBP 21,805 2026/27) for 3.5 yrs (3.75 with placement); ""YES-DTN will cover all your university fees (regardless of home-international fee difference)"". NOT covered: ""accommodation, travel, student visa, health surcharge"".","3.5 years (3.75 with placement)","Not published yet; previous cycle 7 Jan 2026 12:00 GMT (indicative). ""International applicants will need proof of English language e.g. IELTS/TOEFL"".","TIED","1 (Leeds palaeo/biogeochemistry); no marine institute partner","2026-09-07"
"TREES DLA (successor to London NERC DTP) - UCL lead + Birkbeck, Brunel, KCL, QMUL, RHUL + Kew, NHM, IoZ","NERC (UKRI)","United Kingdom (England, London)","https://www.trees-dla.ac.uk/apply","CONDITIONAL (overseas-fee studentships limited; highest English bar; poor marine fit)","STUDENTSHIP","""TREES is subject to the UKRI cap on international offers and interview opportunities are offered relative to this cap."" ""TREES can offer a number of studentships to applicants eligible to pay international fees, which will cover overseas fees and pay the standard UKRI stipend but may be restricted to one of the TREES partners, depending on funding availability.""","No clause found on page.","None stated.","Overseas fees + UKRI stipend with London weighting (GBP 23,805 for 2026/27) on the international-eligible studentships. NOT covered: visa, IHS.","Not stated","Not published yet; previous cycle 17 Dec 2025 17:00 (indicative) - ~3 weeks earlier than other DLAs. English: ""Overall grade of 7.0 with a minimum of 6.5 in each of the subtests"". Imperial and BAS no longer partners.","TIED","3, 4 (collections/biology-weighted)","2026-09-07"
"CREATES DLA - Cambridge + British Antarctic Survey","NERC (UKRI)","United Kingdom (England)","https://nercdtp.esc.cam.ac.uk/prospective-students/how-apply-updated-2026-entry","CONDITIONAL (limited international places; Cambridge waives fee difference)","STUDENTSHIP (15 x 3.5-yr)","Funding page: ""The CREATES NERC DLA is also able to offer a limited number of studentships to international students, and funding from UKRI will cover both fees at the UK rate, the NERC maintenance allowance (stipend) to support living costs, and an RTSG."" ""the University of Cambridge has agreed to waive the difference between the international and home fee for DLA students.""","No clause found.","None stated. Academic bar: ""at least a 2.1 in an Honours degree from a UK University or equivalent standard from an Overseas University"".","""For 2025/26, the NERC maintenance allowance is £20,780 per annum"" (2026/27 GBP 21,805); UK-rate fees + waiver of difference; RTSG. ""The DLA cannot support other costs such as visa and health surcharges.""","3.5 years","""either 8th December 2026 or 6th January 2027"" (course-dependent) for Oct 2027 entry. Same application feeds Gates / Harding / Cambridge Trust.","TIED","4; 1 via BAS","2026-09-07"
"CENTA3 DLA (project route) - Birmingham, Cranfield, Leicester, Loughborough, OU, Warwick + BGS, UKCEH, NCEO","NERC (UKRI)","United Kingdom (England)","https://centa.ac.uk/apply/centa-studentship-information/","CONDITIONAL - effectively NOT fully funded for an international (fee shortfall ~GBP 20,000+/yr); deprioritise","STUDENTSHIP","""UKRI allows international students to be eligible for studentships but only for a maximum of 30% of the cohort.""","No clause found.","None stated.","""A contribution to the university fees at the level of support for Home-fee-eligible students. Please note that there will likely be a shortfall in fees that will need to be covered from another source."" ""CENTA can only fund tuition fees at Home fee level"". Stipend GBP 20,780 (2025/26 on page). Visa/IHS/flights not reimbursed.","Not stated","2027-entry project route opens ""mid-late October 2026""; closing date not published (previous cycle early Jan 2026, indicative).","TIED","2, 4 (little marine)","2026-09-07"
"QUARTILES DLA (successor to QUADRAT) - Aberdeen + Queen's University Belfast","NERC + BBSRC (UKRI)","United Kingdom (Scotland + Northern Ireland)","https://quartiles-dla.ac.uk/funding-eligibility/","CONDITIONAL (fee gap waived; but international quota of 5/19 was already full for Oct 2026 - next round Oct 2027)","STUDENTSHIP (named projects on FindAPhD)","""international places are limited by UKRI to a maximum of 30% of the annual intake of 19 students. This equates to a maximum of 5 places annually.""","No clause found.","None stated.","""Stipend based on RCUK rates (Estimated £21,383 pa for the 2026/2027 academic year, updated annually)"" - below the confirmed UKRI GBP 21,805 (UKRI authoritative). ""a fee waiver for the difference between the UK Level and International Level tuition fee"". NOT covered: ""visa costs (either for yourself or for accompanying family members), immigration health surcharge or any other additional costs associated with relocation to the UK"".","Not stated","2026 round closed 23 Jul 2026; 2027 round not published.","TIED","3, 4 (modest marine fit)","2026-09-07"
"Gates Cambridge Scholarship","Bill & Melinda Gates Foundation / University of Cambridge","United Kingdom (England)","https://www.gatescambridge.org/apply/eligibility/","ELIGIBLE (verified by coordinator 2026-09-07)","SCHOLARSHIP (tied to a Cambridge place; via the graduate application)","""a citizen of any country outside the United Kingdom""; eligible courses include ""PhD (full-time or part-time*)"".","""if you have already started a course (for example, you are currently part way through a PhD) you cannot apply for a Gates Cambridge Scholarship to fund the remainder of it"" - about a course already started at Cambridge; not a prior-enrolment bar.","None found.","Not on the pages opened (full University Composition Fee at overseas rate + maintenance normally - NOT VERIFIED here).","Full PhD","""either Tuesday 8th December 2026 or Wednesday 6th January 2027"" (course-dependent); outcomes by 8 Mar 2027. Start Sept/Oct 2026: supervisor, proposal, 3 references, Gates statement.","TIED","1-5 via Cambridge Earth Sciences / CREATES","2026-09-07"
"Harding Distinguished Postgraduate Scholars Programme (Cambridge)","Harding Foundation / University of Cambridge","United Kingdom (England)","https://www.hardingscholars.fund.cam.ac.uk/apply/application-and-eligibility-information","ELIGIBLE","SCHOLARSHIP (tied; via Cambridge application)","""Applicants of any nationality are welcome.""","Applicants already holding a PhD, or who previously received an HDPSP award, are ""not normally eligible for an award unless at the discretion of the Advisory Committee who may approve an award to an applicant with exceptionally groundbreaking interdisciplinary research."" -> about HOLDING a PhD; disclose Bochum.","None found.","Not stated on page opened (reported as full fees + maintenance + research allowance + airfare + visa + IHS - NOT VERIFIED). ""All Scholars ... are expected to be resident in the UK for the majority of their studies""; not tenable at Trinity or St John's.","Full PhD","Opens Sept 2026; submission early Dec 2026 or early Jan 2027 (course-dependent); offers late Feb - early Mar 2027.","TIED","1-5","2026-09-07"
"Clarendon Fund Scholarships (Oxford)","Oxford University Press / University of Oxford","United Kingdom (England)","https://www.law.ox.ac.uk/admissions/scholarships-index/other-sources-funding-index/clarendon-scholarships","ELIGIBLE (ox.ac.uk primary pages return 403 - quoted from the official Law Faculty page)","SCHOLARSHIP (tied; automatic consideration via course application)","""no restrictions on nationality, ordinary residence or field of study""","No clause found on page.","None found.","""course fees and maintenance costs"" for the ""full fee liability period"" - pays the OVERSEAS fee rate in full. 2027/28 maintenance figure not verified (ox.ac.uk unreachable).","Fee-liability period of the DPhil (3-4 yrs)","""by the January application deadline"" for the course; Oxford Earth Sciences DPhil deadline for Oct 2027 NOT VERIFIED (early Dec 2026 / early Jan 2027 pattern).","TIED","1, 2, 4 (Oxford Earth Sciences - department page not opened)","2026-09-07"
"President's PhD Scholarships","Imperial College London","United Kingdom (England, London)","https://www.imperial.ac.uk/study/fees-and-funding/postgraduate-doctoral/grants-scholarships/presidents-phd/","ELIGIBLE (highest UK stipend found; earliest UK deadline)","SCHOLARSHIP (tied; department nominates; tick funding box in application)","""There are no restrictions on nationality""","""The scheme is only open to new PhD applications. Current registered Imperial PhD students are not eligible."" -> bars current Imperial students only.","None stated.","""Full funding for tuition fees"" (overseas rate) + stipend GBP 26,500 p.a. (2026-27) + ""£2,000 per annum for the first 3 years of study"" consumables. NOT covered: visa, IHS.","3.5 years","Not published yet for 2027-28; previous cycle rounds 3 Nov 2025, 12 Jan 2026, 2 Mar 2026 (indicative) -> expect early Nov 2026 first round; supervisor conversation in Sept/Oct 2026. 50 awards College-wide.","TIED","1, 2, 5 (Earth Science & Engineering; Grantham Institute not verified)","2026-09-07"
"Edinburgh Doctoral College Scholarships (EDCS)","University of Edinburgh","United Kingdom (Scotland)","https://registryservices.ed.ac.uk/student-funding/postgraduate/international/other-funding/doctoral-college","ELIGIBLE (full international fee covered) - 2027/28 funding not yet confirmed","SCHOLARSHIP (tied; separate scholarship portal after programme application)","""The awards are open to UK and overseas students applying to start their first year of study for an on-campus research degree in 2026-2027.""","No clause found. ""applying to start their first year of study"" reads as first year at Edinburgh - the one ambiguity; query the Doctoral College in writing.","None stated.","""the University tuition fee"" (GeoSciences page: ""tuition fee (Home or International students)"") + ""a stipend equivalent to the UKRI stipend rate (for 2025-2026 this is currently £20,780)"" + GBP 3,000 RTSG, 3.5 years. NOT covered: visa, IHS, relocation.","3-4 years","""Funding for this award has yet to be confirmed for Academic Year 2027/28."" Previous cycle: programme application 22 Jan 2026 23:59 GMT; scholarship portal 2 Feb 2026 17:00 (indicative).","TIED","1, 2, 3, 4","2026-09-07"
"University of Bristol Postgraduate Research Scholarships (Faculty of Science and Engineering)","University of Bristol","United Kingdom (England)","https://www.bristol.ac.uk/science-engineering/postgraduate-research/pgr-scholarships/","ELIGIBLE (Home OR overseas fees covered)","SCHOLARSHIP (tied)","Funding table marks Bristol PGR Scholarships as covering ""Home or overseas"" fees (EPSRC DLA line: ""Home (overseas 30% per cohort per grant)"").","No clause found on page.","None stated.","Stipend ""UKRI rate - £20,780 for 25/26"" (2026/27 GBP 21,805); fees Home or overseas (overseas Earth Sciences fee GBP 27,500/yr, ""budget for up to an 8% increase in fees each year""); RTSG GBP 7,000-8,400 total. NOT covered: visa, IHS.","4 years registration","Not published yet for 2027/28; previous cycle 19 Jan 2026 (indicative). >50 scholarships faculty-wide; supervisor + project agreed in advance.","TIED","2 above all (Bristol Organic Geochemistry Unit: lipid biomarkers, CSIA); also 1, 4","2026-09-07"
"SERVO PhD Studentships (Solutions for the Marine Environment), Plymouth Marine Institute","University of Plymouth","United Kingdom (England)","https://www.plymouth.ac.uk/research/institutes/marine-institute/funding-support-development-and-recognition/servo-phd-studentships","ELIGIBLE (funds INTERNATIONAL fees outright; 2027 = final cohort)","STUDENTSHIP (staff-developed projects then advertised)","No nationality clause; funding clause: ""full home or international tuition fees plus an annual stipend that reflect the University rates per annum"" and ""Bench fees (to cover research costs) will also be funded up to a maximum limit.""","No clause found.","None stated.","Full home OR international fees + stipend at University rates (figure not published - NOT VERIFIED) + bench fees up to a cap. NOT covered: visa, IHS. (Sister scheme Marine Research Plymouth: Home fees only - international applicants ""will have to cover the difference"" -> NOT fully funded; do not confuse.)","Not stated","14 Sep 2026 (student-led project ideas) and 19 Oct 2026 midday (staff-led proposals) are SUPERVISOR deadlines; candidate adverts follow. 2027 cohort is the last of three.","TIED","1, 3, 4 (Plymouth MI, PML, MBA adjacent)","2026-09-07"
"Southampton Presidential Bursaries (international fee-difference top-up)","University of Southampton","United Kingdom (England)","https://www.southampton.ac.uk/study/fees-funding/scholarships/postgraduate-uk/presidential-bursaries","CONDITIONAL - fee-gap bursary only, no stipend; may be what makes an IGNITE offer fully funded","SCHOLARSHIP (tied; automatic)","Aimed at ""international postgraduate researchers""; eligibility ""accepted a PhD offer and start your studies between 1 August 2026 and 31 January 2027"" plus ""a first class undergraduate degree"" (2027-entry window not yet published).","No clause found.","None stated.","""The scholarship funds the difference between UK and international level tuition fees."" No stipend.","Matches PhD","None - ""You do not need to make a separate application. If you meet the eligibility criteria, your Faculty will apply to the Doctoral College for the bursary for you.""","TIED","1-4 via NOC","2026-09-07"
"MIT-WHOI Joint Program in Oceanography (PhD) - admission with full funding","MIT + Woods Hole Oceanographic Institution (GRA on faculty grants / internal fellowships)","USA","https://mit.whoi.edu/admissions/funding/","CONDITIONAL (only the missing English test blocks him)","STUDENTSHIP (admission package; GRA component is salaried)","No citizenship clause on funding page. ""Joint Program (JP) students are admitted to the program with full funding (i.e., stipend, health insurance for a single person, and tuition). JP students, who remain in good academic standing, are provided financial support, consisting of tuition and a stipend (at least $49,614) during five years of full-time study.""","No clause found on how-to-apply or FAQ pages (FAQ addresses prior master's only). Transcripts from all institutions required.","None stated.","Stipend ""at least $49,614"" p.a. + tuition + ""health insurance for a single person"". NOT covered: dental, extended hospitalisation cover, housing (""not guaranteed for all five years""), relocation, visa/SEVIS. Taxed (see structural note).","5 years","1 Dec 2026 23:59 US Eastern for Fall 2027 (opens 1 Oct); decisions mid/late Feb. Annual. English REQUIRED (TOEFL iBT 100 / IELTS 7.0 / Cambridge 185 / Duolingo 130; exam ""two weeks or more before the application deadline""); waiver only for English-medium primary/secondary schooling or a 4-year English-speaking bachelor's ""in the U.S., Canada, or Europe""; ""A two or three-year Master's degree ... is not considered sufficient"". No GRE. 3 referees.","TIED","1, 2, 3, 4 (WHOI Marine Chemistry & Geochemistry: CSIA / lipid biomarkers)","2026-09-07"
"Scripps Institution of Oceanography PhD (UC San Diego) - admission with financial package","UC San Diego / Scripps","USA","https://scripps.ucsd.edu/doctoral/cost-funding","CONDITIONAL (English test; 5-year guarantee wording inconsistent between two Scripps pages)","STUDENTSHIP","""International graduate students follow the same application process as domestic students. ... doctoral students are typically offered a five year guaranteed financial package that includes stipend/salary, tuition, and nonresident supplemental tuition."" Departmental: ""minimum commitment of $37,500 plus tuition and mandatory fees ... Additional intended funding amounts and/or durations beyond the committed campus package are contingent on availability of funds and are not guaranteed.""","No clause on prior enrolment. UCSD: ""Normally, duplication of advanced academic degrees-MA, MS, PhD-is not permitted."" (holding, not enrolment).","None found.","Minimum USD 37,500 first year + tuition + fees + non-resident supplemental tuition. Health insurance not itemised (not verified). Years 2-5 ""not guaranteed"" per cost-funding page vs ""five year guaranteed"" per international page - two sources disagree. Application fee waiver US citizens/PR only.","Year-1 commitment; typically 5 years","2 Dec 2026 (Fall 2027; opens 16 Sep). English: TOEFL 4.5 new scale / 85 old, IELTS 7, Duolingo 120, PTE 65, taken ""no later than November""; exemption only for a degree from an institution that ""provides instruction solely in English"" verified via WHED - Bremen fails; no GRE.","TIED","1, 2, 3, 4","2026-09-07"
"URI Graduate School of Oceanography PhD","URI-GSO (GRA on faculty grants, limited TAs, internal fellowships)","USA","https://web.uri.edu/gso/academics/admission/","CONDITIONAL - funding NOT guaranteed by admission; but URI accepts a CEFR B2 certificate instead of TOEFL (UNIcert III C1 may qualify - confirm in writing)","STUDENTSHIP (tied to a named faculty sponsor + identified funding)","No citizenship clause. ""Acceptance into URI-GSO Graduate Programs in Oceanography is separate from funding support."" ""Students will not be accepted into the URI-GSO Graduate Program without a faculty sponsor"".","No clause found.","None found.","""Annual stipend ($42,393 for Level 1, $43,647 for Level 2, and $45,497 for Level 3 full-time appointments) for 2026-2027 academic year"" + ""Health benefits and tuition covered"" - only if a funding source is identified.","""Typically 5-6 years""","Rolling; ""encouraged deadline of January 1st"" for internal fellowships; international applicants ""expected to apply for fall programs by February 1"". Contact faculty now. No GRE. Graduate School accepts ""Common European Framework of Reference (CEFR): Required minimum score of B2"" in place of TOEFL (UNIcert not named).","TIED","1, 2, 3, 4","2026-09-07"
"Rutgers Graduate Program in Oceanography (DMCS) PhD","Rutgers (sponsored research grants, assistantships, fellowships)","USA","https://marine.rutgers.edu/students/graduate/","UNCLEAR (stipend and English minima not published on any reachable Rutgers page)","STUDENTSHIP","No clause. ""Rutgers Academic Year (10-month) assistantships and fellowships include a stipend and full tuition remission. The GPO program has had an excellent record of sustaining full financial support through to graduation.""","No clause found.","None found.","""a stipend and full tuition remission"" - figure not published (not verified); 10-month appointment (summer separate); health insurance not stated.","Not stated","""Application deadline: January 1st"" -> 1 Jan 2027. English minima pages return 404 - e-mail gpo@marine.rutgers.edu.","TIED","1, 2, 3, 4","2026-09-07"
"Oregon State University CEOAS PhD (Ocean Ecology and Biogeochemistry)","OSU CEOAS (GRA/GTA)","USA","https://ceoas.oregonstate.edu/how-apply","CONDITIONAL (funding competitive, not guaranteed; English test - programme-level exception route exists)","STUDENTSHIP / EMPLOYMENT (assistantship)","""The CEOAS on-campus graduate programs application deadline is December 15, 2026 for all majors ... This deadline applies to all domestic and international students.""","No clause found.","None found. GPA ""at least 3.00 ... on the last 90 hours of coursework"".","""Graduate teaching or research assistantships provide a monthly stipend, tuition remission and subsidized health insurance."" Stipend figure not published (not verified). Not guaranteed by admission (""availability of research mentors is the primary limiting factor"").","Not stated","15 Dec 2026 (Fall 2027); offers by March. No GRE. English: TOEFL iBT 80 (18/section) / IELTS 6.5 / Duolingo 110; GTA needs speaking 22 / IELTS 7.0; waiver country list excludes Germany and Türkiye; ""Individual programs may request exceptions"".","TIED","1, 3, 4","2026-09-07"
"University of Washington School of Oceanography PhD","UW (RA/TA under UW/UAW contract)","USA","https://www.ocean.washington.edu/story/FAQs_for_Prospective_Graduate_Students","CONDITIONAL (English test); funding guaranteed 6 years; doctoral-only admission","EMPLOYMENT (RA/TA) + tuition + insurance","""Yes. You will be funded for six years on a Research Assistantship or a Teaching Assistantship, as long as you are making satisfactory progress. We cover tuition (minus quarterly university fees), health insurance and a stipend of no less than $3500/month."" ""Applications are only accepted for the doctoral program.""","No clause found.","None found.","FAQ: ""no less than $3500/month"" (~USD 42,000); Graduate Funding page: ""currently averaging $2,600 per month"" - two UW pages disagree; confirm current UW/UAW rate. Covered: tuition, health insurance. NOT covered: ""quarterly university fees"", travel, bench.","6 years","1 Dec 2026 midnight Pacific (Fall 2027); ""Official TOEFL scores must be received no later than December 1"" (code 4854). GRE not considered. Waiver only for English-medium schooling or a US bachelor's. Graduate School minima: TOEFL 80 (recommended 92), IELTS 6.5 (recommended 7.0), Duolingo 115 (130).","TIED","1, 2, 3, 4","2026-09-07"
"Texas A&M Department of Oceanography PhD","TAMU Oceanography (GAR/GAT assistantships)","USA","https://artsci.tamu.edu/oceanography/academics/graduate/funding.html","CONDITIONAL (English test; lowest stipend; health insurance not free)","EMPLOYMENT (assistantship) + tuition","""The department of Oceanography typically offers financial assistance to all admitted MS and PhD students ... all Assistantships include tuition payments. ... All students admitted ... are considered for support and no separate application is necessary.""","No clause found.","None found.","""$2,500 for Master's students and Ph.D. students pre-candidacy"" and ""$2,750 for Ph.D. students who are admitted to Candidacy"" per month (USD 30,000 / 33,000 p.a.); tuition ""at the in-state rate""; non-resident tuition via waiver requested each semester. Health insurance: employee premiums with half state contribution, after 60 days. University floor from 1 Oct 2026: ""$2,000 per month at 50% FTE"".","""until graduation"" with satisfactory progress","No official deadline; ""submit all material by January 1"" (2027) for full consideration; decisions March. No GRE. English: TOEFL iBT 80 / IELTS 6.0.","TIED","1, 2, 4","2026-09-07"
"University of Miami Rosenstiel School PhD (Marine Geosciences / Ocean Sciences)","University of Miami (RA / University Fellowship)","USA","https://graduate.earth.miami.edu/apply-now/index.html","CONDITIONAL (English test cannot be waived on a non-US degree; funding not automatic)","STUDENTSHIP","""Ph.D. students admitted with a Research Assistantship or University Fellowship ... are offered up to 5 years support ... Funding for RAs typically comes from grants or contracts to individual investigators; hence, not all faculty members are in a position to accept students each year."" ""All students on RAs are provided with a competitive stipend for living plus tuition and health insurance.""","No clause found. ""direct entry for study leading to the Ph.D. is encouraged.""","None found.","""competitive stipend for living plus tuition and health insurance"" - figure not published (not verified). Application fee USD 85.","""up to 5 years support""","Application period 1 Sep - 8 Jan (2027); complete by 1 Dec 2026 for recruitment weekend (FAQ page says 1 Jan - stale; two sources disagree). GRE optional (FAQ says required - stale). English: TOEFL iBT 80 (new scale 4.5) / IELTS 6.5 / Duolingo 125; ""This requirement cannot be waived"" except for a US degree.","TIED","2, 4; 1","2026-09-07"
"Penn State Department of Geosciences PhD","Penn State (TA/RA, fellowships)","USA","https://www.geosc.psu.edu/graduate/prospective-students/how-apply-graduate-studies-geosciences-penn-state","CONDITIONAL (English test; stipend figure not published); strongest guarantee wording","STUDENTSHIP / EMPLOYMENT (assistantship)","""While all accepted graduate students are guaranteed funding for their stipend and tuition, which can come from a combination of different sources ..."" ""Teaching and research assistantships ... typically include a stipend, tuition remission, and a subsidy for medical insurance.""","No clause found. ""A student may work toward a Ph.D. degree without first earning a M.S. degree.""","None found.","Stipend + tuition remission + medical-insurance subsidy (not free). Stipend figure NOT published on departmental pages (rates served as attachments) - not verified.","Not stated","15 Dec 2026 (Fall 2027). No GRE. English: TOEFL iBT 80 (speaking 19) / new scale 4.5 (speaking 3.5) / IELTS 6.5; exempt-country list read in full - Germany absent; provisional admission possible below minimum; ""application will not be considered complete until ... we have received the TOEFL"".","TIED","2, 3, 5 (organic geochemistry/biomarkers, geobiology-astrobiology)","2026-09-07"
"Caltech Division of Geological and Planetary Sciences PhD (geochemistry / geobiology options)","Caltech (Division fellowship then RA/TA)","USA","https://www.gps.caltech.edu/academics/graduate-program/graduate-admissions-and-entrance-procedures","ELIGIBLE - no English test required; PhD-only admission; funding guaranteed; but GRE REQUIRED for geochemistry/geobiology","STUDENTSHIP (Division fellowship) then EMPLOYMENT (RA/TA)","No citizenship clause. ""GPS students are guaranteed funding through a Division fellowship for the first five terms at Caltech ... The Division is committed to funding students throughout their graduate career."" Caveat: ""matriculation into the PhD program requires evidence of work authorization, unless special compensation can be arranged"" (F-1 on-campus authorisation normally suffices - confirm).","No clause found in the Caltech catalog admission section. ""The GPS Division only admits students with an intention to complete a Ph.D.; we do not accept applications to a masters program.""","None found.","""stipend of $46,500 a year (starting October 1, 2024)"", rises annually; tuition covered; ""subsidized health insurance plan"" + subsidised dental/vision. NOT covered: housing; open-house travel supported.","5 terms guaranteed fellowship; commitment thereafter; average 5.5 years","15 Dec 2026. GRE ""required ... for geology, geochemistry, geobiology, and geophysics"" (scores by 15 Jan). English: ""Although not required for admission ..."" and ""There is no minimum requirement for the English proficiency exams"" (ESL evaluation at orientation). One option per cycle.","TIED","2, 3, 5 (best fit for lipid biomarkers, CSIA, biosignatures); weaker 1, 4","2026-09-07"
"NASA FINESST (Future Investigators in NASA Earth and Space Science and Technology)","NASA Science Mission Directorate (grant to the US university; student = Future Investigator)","USA","https://science.nasa.gov/researchers/solicitations/roses-2025/amendment-52-nasa-smd-graduate-student-research-solicitation-future-investigators-in-nasa-earth-and-space-science-and-technology/","CONDITIONAL - open to non-citizens, but only once applying to / enrolled at a US university (year-1/2 move)","STUDENTSHIP (tied; adviser is PI)","""If the institution of higher education is willing to submit the research proposal for an FI 1) who is not yet at the university, 2) who is NOT a U.S. citizen or permanent resident, or 3) both 1 and 2, then those students are eligible.""","No clause. Eligible FI ""has applied to, or has been admitted to, or is enrolled as a graduate student"" at a US university; repeat applicants allowed.","None.","""The total amount proposed may not exceed $50,000 per budget year for all costs combined"" (tuition/fees/health, stipend, travel, subsistence, other) - a supplement to a departmental package, not a substitute.","Up to 3 years (36-month cap)","ROSES-25: 14 Jul 2026 (past); ROSES-2026 F.5 date not published (expect mid-July 2027, indicative). Dual-anonymous review; FI must be primary author.","TIED","1, 4, 5 (Earth Science; Planetary Science/astrobiology via OWL decadal)","2026-09-07"
"Link Foundation Ocean Engineering and Instrumentation PhD Fellowship","The Link Foundation","USA/Canada (tenable at US and Canadian universities)","https://linkoe.org/program-guidelines/","CONDITIONAL - no citizenship bar, but must already hold a PhD place; weak field fit unless instrumentation-framed","SCHOLARSHIP (portable within US/CA institutions)","""No limitations are placed on citizenship.""","No clause. ""the applicant must have already been accepted into a Ph.D. program""; ""Fellowships are only tenable at U.S. and Canadian Universities.""","None; preference for ""a well-defined thesis direction"".","""$35,000"" for stipend; ""Tuition - it is expected that the Fellow's institution will waive or assume tuition charges"" -> NOT fully funded alone.","1 year","Not published on guidelines page (historically a winter call) - not verified.","PORTABLE within US/CA","weak (ocean engineering/instrumentation); only if project is analytical-instrument development","2026-09-07"
"WHOI Ocean Ventures Fund (internal research award)","Woods Hole Oceanographic Institution","USA","https://mit.whoi.edu/research/awards/awards-for-current-students/whoi-ocean-ventures-fund-recipients/","CONDITIONAL - only for enrolled MIT-WHOI Joint Program students; not an entry route","STUDENTSHIP (internal; student is PI)","""OVF is open to all students in the MIT-WHOI Joint Program in Oceanography/Applied Ocean Physics and Engineering. The research idea and the proposal text must come from the graduate student, not his/her supervisor.""","No clause found.","None stated.","Amount not on page (research award, not a stipend).","Not stated","Internal annual solicitation; not published on page.","TIED","1-4","2026-09-07"
"Schlanger Ocean Drilling Fellowship (USSSP / IODP)","U.S. Science Support Program","USA","https://www.usssp-iodp.org/research/schlanger-fellowships/","UNCLEAR - page stale (2013/14 cycle); citizenship wording ambiguous between two sources","SCHOLARSHIP (tied to IODP research; US institution)","USSSP page: ""U.S. graduate students are eligible to apply for one-year research fellowship awards of $30,000."" MIT-WHOI listing: ""open to all graduate students enrolled at U.S. institutions in full-time M.S. or Ph.D. programs."" Two sources disagree - resolve with USSSP.","No clause found.","None stated.","""$30,000 per year award is to be used for stipend, tuition, benefits, research costs, and travel"" - not fully funded alone.","1 year","Current cycle not published (page shows 15 Nov 2013 - indicative only).","TIED","2, 4","2026-09-07"
"PhD in Oceanography - institutional minimum funding package (EOAS)","University of British Columbia (Faculty of Graduate and Postdoctoral Studies / EOAS)","Canada","https://www.grad.ubc.ca/prospective-students/graduate-degree-programs/phd-oceanography","ELIGIBLE (best-verified Canadian route; needs IELTS/TOEFL)","STUDENTSHIP (institutional guarantee from RA/TA/awards)","Minimum funding policy: ""all full-time students enrolled in a UBC-Vancouver PhD program must be provided with a minimum funding package equal to $40,000 for each of the first four years"", effective ""September 2026 onward"", applying to ""both domestic and international students"".","UBC Calendar: ""Students who hold or are shortly expected to hold a doctoral degree from UBC are not normally admitted to a second doctoral degree at UBC."" - bars UBC doctorate holders only. No clause on prior enrolment elsewhere. Transcripts from ALL post-secondary study required (Bochum surfaces here).","None found.","CAD 40,000/yr guaranteed years 1-4, BUT ""any funding paid through Workday (i.e., award funding) will first be applied to UBC tuition and fees ... before excess funds are paid to the recipient"" -> inclusive of tuition. International PhD tuition CAD 10,081.65 + ~CAD 1,203.20 fees -> net ~CAD 28,700-29,000/yr. Award portion largely tax-free (CRA line 13010); TA/RA portion taxed. NOT covered separately: MSP/extended health, relocation, bench fees.","Guarantee 4 years; PhD normally 5+","""Application Deadline 15 January 2027"" for Sept 2027 entry (same for internationals). Annual. EOAS: ""Applicants must specify a desired research supervisor(s)"". English: programme page TOEFL 100 / IELTS 6.5 vs faculty page TOEFL 90 / IELTS 6.5 (6.0 per band) - two sources; no waiver for a German-taught degree; UNIcert not listed; test within 24 months.","TIED","1, 2, 3, 4","2026-09-07"
"Four Year Doctoral Fellowship (4YF)","University of British Columbia","Canada","https://www.grad.ubc.ca/awards/four-year-doctoral-fellowship-4yf","ELIGIBLE (nominated by department; no separate application)","SCHOLARSHIP (tied)","Eligibility field: ""Canadian, Permanent Resident, International"".","No clause found. ""offered to students beginning their first year of full time PhD ... studies, but may be offered to continuing students.""","None found.","""$24,000 stipend plus full tuition coverage"" per year - tuition genuinely additional here. Health/travel/bench not mentioned. Ask EOAS whether 4YF sits inside or above the CAD 40,000 floor.","Up to 4 years","""Set by each UBC graduate program"" - operative date is the 15 Jan 2027 admission deadline.","TIED","1-4","2026-09-07"
"Killam Predoctoral Scholarship, Level 2 (Doctoral)","Dalhousie University / Killam Trusts","Canada","https://www.dal.ca/faculty/gradstudies/finance-your-studies/scholarships-bursaries/killam-master-doctoral.html","ELIGIBLE / CONDITIONAL on admission and IELTS 7.0","SCHOLARSHIP (tied)","""This scholarship is open to both Canadian and international students pursuing a full time doctoral (PhD) degree at Dalhousie University.""","""You must have spent less than six terms (24 months) in your PhD as of May 1st of the award year to be eligible to apply."" ""must be taken up no later than the 7th term in the PhD program."" Wording is ""in your PhD"" (the Dalhousie one). No clause on prior enrolment elsewhere - low risk, confirm by e-mail.","None found.","""Up to $48,000 per year for up to four years"", base ""$42,000 per year ($14,000 per term) for up to three years"". International tuition supplement, health, travel, bench NOT mentioned; Dalhousie international PhD tuition not verified (Oceanography page: ""Students do not typically pay tuition. Instead, support ... comes mainly from supervisors' research grants"").","3 years base, up to 4","Not centrally published; run at Faculty level - contact programme ""after October 15"" (previous cycle indicative). Dal FGS general deadline for non-Canadians: 1 Apr 2027 (Oceanography may be earlier). English: IELTS 7.0 / TOEFL 92 (new scale 4.5); waiver requires English-instruction AND English-official-language country - fails.","TIED","1, 2, 3, 4 (Dal Oceanography)","2026-09-07"
"Dalhousie Research Excellence Award (doctoral)","Dalhousie University","Canada","https://www.dal.ca/faculty/gradstudies/finance-your-studies/scholarships-bursaries/doctoral-scholarships.html","UNCLEAR (index entry only; terms not opened)","SCHOLARSHIP (tied)","Index: ""Canadian and international students"".","No clause found on page.","Not stated.","""$35,000/yr""; fees/insurance/travel not stated - not verified.","""Up to 4 years""","Not stated. Ask oceansec@dal.ca.","TIED","1-4","2026-09-07"
"Canada Graduate Research Scholarship - Doctoral (CGRS D) - successor to Vanier and CGS-D/PGS-D","Tri-agency NSERC / CIHR / SSHRC","Canada","https://nserc-crsng.canada.ca/en/funding-opportunity/canada-graduate-research-scholarship-doctoral-program","CONDITIONAL - only after he is registered at a Canadian institution (year-1 upgrade, not an entry ticket)","SCHOLARSHIP (tied; applied via institution)","""If you are not a Canadian citizen, permanent resident of Canada or protected person ..., you must be registered in your doctoral program of study at an eligible Canadian institution by the application deadline. Up to 15% of awards will be available to international applicants.""","""you must have completed no more than 36 months of full-time equivalent study in the doctoral program ... for which you are requesting funding by December 31 of the calendar year of your application."" + ""the agencies count all studies toward the doctoral degree for which funding is requested, whether or not they were completed in the same program or at the same institution"". FLAG: anchored to the degree funded, so Bochum should not count - but the second sentence is stretchable; get a written ruling. Also ""You cannot have already received a doctoral-level scholarship from CIHR, NSERC or SSHRC"" - n/a.","No age limit. ""You can apply a maximum of three times"".","CAD 40,000/yr. Stipend only: fees, health, travel, bench NOT covered - top slice of an institutional package.","36 months","Agency: 17 Oct (""before 8:00 pm (ET)""); institutional deadlines earlier (Dalhousie 5 Oct 2026; U of T 1 Oct 2026). For him: earliest realistic is Oct 2027 after Sept 2027 registration.","TIED","1-4","2026-09-07"
"Canada Impact+ Research Training Awards (CIRTA) - doctoral","Tri-agency NSERC / CIHR / SSHRC","Canada","https://nserc-crsng.canada.ca/en/canada-impact-research-training-awards-qa","UNCLEAR - profile fits exactly, but both 2026 intakes closed and a 2027 intake is not confirmed; nomination-only","SCHOLARSHIP (tied; nominated by a grant-holding Canadian academic)","""Nominees can be of any citizenship, including Canadian citizens, permanent residents and protected people."" Nominees ""cannot currently be affiliated with Canadian institutions - they must be studying or working abroad.""","No clause. Q&A: ""there are no restrictions based on years since degree completion or months into doctoral study.""","None.","CAD 40,000/yr x 3 years. NOT covered: tuition, health, travel, bench.","3 years","2026: Phase 1 4 Mar 2026, Phase 2 3 Jun 2026 (both closed; institutional nominations weeks earlier). 2027 intake not published (announced as a one-time CAD 133.6M initiative). Nominators ""must hold active grants with planned payments in fiscal 2025-26 or 2026-27"". Ask CIRTA-BFRIC@nserc-crsng.gc.ca.","TIED","1-4 (priority areas incl. Environment, climate resilience and the Arctic)","2026-09-07"
"Québec Merit Scholarship Programme for Foreign Students (PBEEE) - doctoral component V1","Fonds de recherche du Québec (FRQ)","Canada (Québec)","https://frq.gouv.qc.ca/programme/bourses-dexcellence-pour-etudiantes-etrangeres-et-etudiants-etrangers-pbeee-2027-2028/","ELIGIBLE on citizenship/country; CONDITIONAL on Québec-university pre-selection this autumn","SCHOLARSHIP (tied; institutional pre-selection then agency competition)","Applicants must ""ne détiennent pas la citoyenneté canadienne ou le statut de résident permanent du Canada"" (older English page: ""Cannot be a Canadian citizen or a permanent resident of Canada""). Germany is not a bilateral stream (Brazil, China, India, Israel, Wallonia) -> apply under the open all-countries component V1.","2027-28: ""un maximum de 14 sessions à temps plein avant le 1er mai 2027""; older cycle: ""in the first nine semesters of their doctoral studies"" with previous doctoral semesters counting whether funded or not. Two cycles differ; Bochum (~5 semesters) fits either. Must be disclosed.","None beyond semester cap.","CAD 25,000/yr; max 12 instalments over 15 semesters, cap CAD 100,000. Fees, health, travel, bench NOT covered -> only viable stacked with the Laval fee exemption + supervisor top-up.","3 years, extension possible","2 Dec 2026 16:00 EST (2027-28 competition) - but institutional pre-selection runs ~Sep-Nov 2026: nearest live Canadian deadline. Next: Dec 2027. Laval is francophone; English supervision not verified.","TIED","1-4 (Laval/Québec-Océan, UQAR-ISMER)","2026-09-07"
"Université Laval supplemental-tuition exemption for international doctoral students (fee waiver only)","Université Laval (BBAF)","Canada (Québec)","https://www.ulaval.ca/en/academics/tuition/international-students/doctoral-programs/summer-2026","CONDITIONAL - fee waiver, zero stipend; NOT fully funded alone","SCHOLARSHIP (tied fee exemption)","No citizenship clause on page; exemption is for payers of ""Supplemental tuition fees"" (internationals). ""Various exemption programs are available to reduce the supplemental tuition required.""","No clause found.","None.","Removes supplemental fees: international doctoral tuition = ""Tuition $100.89"" + ""Supplemental tuition fees $519.27"" per credit (12 credits: $1,210.68 + $6,231.24 ~ CAD 7,442/yr). No stipend.","Renewable while registered full-time","Not stated; administered per session. Dedicated BBAF page 301-redirects; e-mail exemption@bbaf.ulaval.ca.","TIED","1-4","2026-09-07"
"Earth & Planetary Sciences PhD - departmental guaranteed funding","McGill University, Dept of Earth and Planetary Sciences","Canada (Québec)","https://www.mcgill.ca/eps/programs/graduate-programs/funding","ELIGIBLE (international differential covered) but low money","STUDENTSHIP","""The EPS Department currently provides tuition fee subsidies to out-of-province Canadian students and International students such that the tuition amount paid is identical to that of a Quebec resident.""","No clause found on page.","None found.","Research stipend ""$20,132"" (yrs 1-4), ""$19,295"" (yr 5); ""Total take-home"" ""$25,000"" net of tuition, fees and health insurance, plus TA employment; conditional on ""satisfactory progress ... evaluated annually"".","5 years of stated figures","Not on funding page - check EPS admissions page.","TIED","2, 4; 1 partly","2026-09-07"
"Earth and Ocean Sciences PhD (SEOS) - institutional funding","University of Victoria","Canada","https://www.uvic.ca/graduate/programs/graduate-programs/credential-pages/earth-and-ocean-sciences-cred/earth-and-ocean-sciences-phd.php","UNCLEAR - no minimum funding guarantee found; international page 404","STUDENTSHIP (supervisor-dependent)","No exclusion found; only ""6.0/9.0 cumulative or second-class standing for entering international students"" (UVic Fellowship standard).","No clause found.","None found.","""UVic fellowships of up to $20,000 per year for most programs""; no minimum guarantee stated; international tuition coverage not verified -> cannot be called fully funded on this evidence.","PhD typically 4 years","""Applications may be submitted at any time"" (Sept/Jan/May entry) - rolling; supervisor mandatory: ""you must list a potential supervisor on your application; this faculty member must agree to be your supervisor"". English requirements not verified. Contact seosgsec@uvic.ca.","TIED","1, 3, 4","2026-09-07"
"Graduate funding package (SGS fellowships + assistantships)","Memorial University of Newfoundland","Canada","https://www.mun.ca/become/graduate/tuition-fees-and-funding/graduate-funding--scholarships/","CONDITIONAL - weakest money in Canada; fallback only","STUDENTSHIP","""Memorial University offers competitive funding packages to academically eligible full-time graduate students, both Canadian and international, in all eligible research programs"".","Could not verify (calendar page returned navigation shell only).","None found.","""School of Graduate Studies fellowships - ranging from $4,000 to $12,000 per year"" + assistantships $3,000-6,000 -> ~CAD 15,000-18,000/yr; not fully funded. International PhD tuition not verified.","Not stated","Not stated. Contact oceangrad@mun.ca. English waiver wording (""where the language of instruction is English"", no country test) is the most favourable found - still likely fails for a German-taught M.Sc.; source is a search extract, not fully verified.","TIED","1, 3, 4","2026-09-07"
"University of Auckland Doctoral Scholarship (code 43)","University of Auckland","New Zealand","https://www.auckland.ac.nz/assets/study/scholarships-and-funding/find-a-scholarship-or-award/regulations/university-of-auckland-doctoral-scholarship.pdf","ELIGIBLE (needs IELTS/TOEFL; apply as NEW applicant, not transfer)","SCHOLARSHIP (tied to UoA admission)","""An applicant must be either: (i) a domestic student; or (ii) an international student who is eligible to pay domestic fees for enrolment in the doctoral programme."" (International PhD students pay domestic fees if resident in NZ: ""The 2026 PhD tuition fee is NZ$8,847.60 per annum"".)","""An applicant must not: (i) already hold a doctorate degree; or (ii) have previously received payment for a University of Auckland Doctoral Scholarship; or (iii) be enrolled in a doctoral programme, except for ... transfer ..."" -> bars holding or CURRENT enrolment, not a past withdrawn enrolment. TRAP: ""For doctoral transfer recipients, the term ... will end after 42 months of FTE study from the date of enrolment in the prior doctoral programme"" - get written confirmation he is treated as a new applicant.","None.","""a stipend of $35,468 per annum in 2026 ... for up to 42 months"" (tax-free) + ""the Student Services Fee and compulsory tuition fees"" + ""for international students only, the single student Health Insurance compulsory charge"". NOT covered: relocation, bench costs, family insurance, visa. Most complete NZ package.","Up to 42 months FTE","""apply for the programme by either 1 November, 1 February, 1 May, or 1 August"" -> next 1 Nov 2026, then 1 Feb 2027. No separate form. Paid work cap 750 h/yr; cannot hold concurrently with a foreign-government scholarship. English: IELTS 6.5 (no band <6.0) / TOEFL 90 (W21) / C1 Advanced 176 / PTE 58; exemption only for citizens of Canada, Ireland, Singapore, UK, USA; UNIcert not listed.","TIED","1, 2, 3, 4 (Institute of Marine Science, School of Environment)","2026-09-07"
"Wellington Doctoral Scholarship","Victoria University of Wellington","New Zealand","https://www.wgtn.ac.nz/scholarships/current/wellington-doctoral-scholarships","CONDITIONAL (English requirements 'strict and not negotiable'; insurance not covered)","SCHOLARSHIP (tied)","""open to New Zealand and international students in any discipline""; ""graduates of any university within or outside of New Zealand"".","""These scholarships are only available to students seeking to obtain their first doctoral qualification. Applicants that already hold a doctorate degree are ineligible."" -> test is holding a doctorate; disclose Bochum and get it ruled in writing.","None found.","""$32,000 stipend annually plus tuition fees"" for ""up to three years""; ""will cover the cost of your tuition, but not additional fees such as insurance and student levies."" NOT covered: insurance, levies, relocation.","Up to 3 years","""1 March, 1 July and 1 November"", 4.30 pm -> next 1 Nov 2026. Part of the PhD admission application; references must have arrived. English: IELTS 6.5 (6.0) / TOEFL 90 (W20) / PTE 58 / Duolingo 120 / C1-C2 176; Germany in neither exemption List A nor B.","TIED","2, 4, 5 (SGEES, Antarctic Research Centre); weaker on 1","2026-09-07"
"University of Waikato Doctoral Scholarship (2026 regulations)","University of Waikato","New Zealand","https://www.waikato.ac.nz/assets/Uploads/Study-with-us/Scholarships/Find-a-Scholarship/University-of-Waikato-Doctoral-Scholarship-2026-v3.pdf","ELIGIBLE (clearest international clause; Offer of Place needed BEFORE round closes; two attempts max)","SCHOLARSHIP (tied)","""To be eligible, candidates must: be a New Zealand Citizen, New Zealand Permanent Resident, New Zealand Resident Class Visa holder, Australian Citizen/Permanent Resident domiciled in New Zealand, or an international student.""","""Candidates will be considered ineligible if they: already hold a doctoral qualification (or equivalent)."" Also must ""have received an Offer of Place ... but not yet commenced"" and not ""have already been considered twice for this scholarship"". No prior-enrolment clause.","None. GPA bar: ""minimum grade point average (GPA) of A-"" on the entry qualification (Bremen M.Sc.).","""A living allowance of $33,000 in total every 12 months ... for up to 36 months"" + ""The domestic tuition fees"" + ""The Student Services Fee"". ""Any additional costs such as medical insurance, moving costs, and research expenses must be met by other means."" A fees-only variant (reg. 5.2) exists - worth only ~NZ$8k, not fully funded.","36 months","""31 January, 30 April, 31 July, and 31 October each year"" -> next 31 Oct 2026 (Offer of Place must be in hand; compulsory Te Tiriti/Mātauranga Māori statement). English requirements not verified in this pass - assume IELTS/TOEFL.","TIED","1, 3, 4 (Coastal Marine Field Station Tauranga - supervisors not verified)","2026-09-07"
"UC Doctoral Scholarship (UCDS)","University of Canterbury","New Zealand","https://www.canterbury.ac.nz/study/getting-started/scholarships/doctoral-scholarships/uc-doctoral-scholarships","CONDITIONAL - regulations PDF blocked (403); citizenship clause not verbatim","SCHOLARSHIP (tied)","Not retrievable verbatim (regulations PDF returned HTTP 403). International-scholarships page lists UCDS for international doctoral applicants with ""a UC GPA of at least 7.0, who intend to study at UC towards their first research doctoral degree.""","""first research doctoral degree"" - more exposed to a first-enrolment reading; ask scholarships@canterbury.ac.nz in writing.","None found.","""Financial assistance to a value of $32,650 per 120 points + tuition fees for thesis-only enrolment for up to a total of 360 points."" Health insurance, SSF, relocation not stated - assume not covered.","Up to 360 points (~3 years)","""now open and will close 15 October"" (2026) for starts before 1 Jul 2027; two rounds/yr (May, October). English not verified.","TIED","4, 5, 3 (Gateway Antarctica; NIWA aquaculture/marine ecology centre)","2026-09-07"
"University of Otago Doctoral Scholarship","University of Otago","New Zealand","https://www.otago.ac.nz/courses/scholarships/university-of-otago-doctoral-scholarship","ELIGIBLE (page read via reader proxy on 2026-09-07 - otago.ac.nz blocks direct fetches)","SCHOLARSHIP (tied)","""The Scholarship is available to both domestic and international students.""","Applicants ""must usually be: seeking to obtain their first doctoral qualification"". No clause on prior enrolment. Disclose Bochum.","None found.","""NZ$34,128 stipend per annum"" + domestic tuition fee waiver for 36 months; ""excludes student services fee and insurance"". AskOtago: ""Many scholarships do not cover the Student Services Fee, insurance (for international students), or other sundry fees"".","36 months maximum","""Applications are considered at quarterly rounds held in March, June, September and November ... submitted via eVision with a completed departmental assessment by the first day of each round month."" -> 1 Nov 2026, 1 Mar 2027. English: IELTS 6.5 (6.0) / TOEFL 95 (W22) / PTE 64 / C1-C2 176 / Duolingo accepted; prior English-medium study exemption limited to a country list (Germany absent).","TIED","1, 2, 3, 4 (Marine Science, Geology, NIWA Research Centre for Oceanography)","2026-09-07"
"Earth Sciences New Zealand (ex-NIWA/GNS) co-supervised PhD projects via the Joint Graduate School in Coastal and Marine Science (UoA) and sister centres (Otago, Canterbury, VUW)","Earth Sciences New Zealand + host university scholarship","New Zealand","https://niwa.co.nz/about-niwa/tertiary-institutions-we-work","CONDITIONAL - project-by-project; the one advertised PhD (marine heatwaves, deadline 12 Oct 2025) is stale and physics-focused","STUDENTSHIP (named project, funded at host-university scholarship rates)","Joint Graduate School: ""young scientists from New Zealand and around the world""; the heatwave PhD PDF: no citizenship clause, ""match University of Auckland Scholarship conditions"". (NIWA Masters scholarships require NZ citizenship/PR - see ineligible list.)","No clause found (inherits host scholarship rules).","None.","""Financial support is directed primarily at the PhD level, with research students funded through University scholarships, Ministry scholarships, industry funding and NIWA."" Example: ""Fully funded PhD (tuition + stipend) for 3 years ... match University of Auckland Scholarship conditions"" (NZ$35,468 + fees + insurance).","3 years","Ad hoc; identify an ESNZ scientist + university co-supervisor, then enter the university scholarship round. GNS Science careers page blocked (Imperva) - GNS co-funded PhDs NOT verified; earthsciences.nz lists no studentships.","TIED","1, 3, 4","2026-09-07"
"Research Training Program (RTP) - federal framework (stipend / fees offset / allowance), all Australian universities","Australian Government, Department of Education (administered per university)","Australia","https://www.education.gov.au/research-block-grants/research-training-program/research-training-program-frequently-asked-questions-students","ELIGIBLE (federally no prior-enrolment bar); international fee offset is the scarce, competitive component","SCHOLARSHIP (tied; awarded per university with admission)","FAQ 28: ""To be eligible for an RTP Scholarship (whether RTP Stipend, RTP Fees Offset, or RTP Allowance), a student must be a domestic student or an international student enrolled in an accredited research doctorate or research masters degree at an eligible Australian university. In administering RTP scholarships, universities may only spend up to 10% of their RTP funding per grant year on providing scholarships to international students."" Guidelines 2025 s.14: ""(a) the student must be a domestic student or an overseas student enrolled in an accredited HDR course of study at a HEP"".","FAQ 10: ""The Guidelines do not restrict students who have previously completed a higher degrees by research (HDR) from eligibility for an RTP scholarship."" FAQ 13: ""The Guidelines do not prevent you from being awarded an RTP scholarship for an additional degree if you have previously received an RTP scholarship."" Only a permission for universities to prioritise ""students undertaking a HDR for the first time"" (Note to s.18(1)) - a RANKING risk for his 2016-18 enrolment, not an exclusion. Must be disclosed (UWA demands transcripts ""including incomplete degrees"").","None.","National base stipend AUD 34,315 (2026), AUD 35,550 (2027), tax-exempt full-time. Fees offset for internationals only via ""a competitive selection process"" (s.17(3)); s.15(2): ""A HEP must only spend up to a maximum of 10 per cent of its RTP Grant Amount ... on ... overseas students."" OSHC varies by university. SSAF never covered.","PhD stipend 3-3.5 years; candidature max 4","Per university (see rows below). ""You can apply for an RTP scholarship at more than one university"" (FAQ 4).","TIED","1-5 depending on host","2026-09-07"
"Tasmania Graduate Research Scholarship (TGRS) / UTAS RTP - IMAS Hobart","University of Tasmania / Australian Government RTP","Australia (Hobart)","https://www.utas.edu.au/research/degrees/scholarships-and-fees","ELIGIBLE for stipend; CONDITIONAL on separately-competed tuition fee offset and on IELTS 7.0 he does not hold; 1 Oct 2026 round very tight","SCHOLARSHIP (tied to advertised project + admission; mandatory signed Supervisory Support form)","TGRS Conditions 2026 cl.1: ""To be eligible to hold a Tasmania Graduate Research Scholarship applicants must be eligible to enrol in a Masters by Research or Doctoral degree at the University of Tasmania in 2026."" Page: ""awarded throughout the year to high quality international and domestic candidates."" Rounds: ""Where a round specifies a specific student type (Domestic AND/OR International), only those with that type of citizenship will be eligible to apply.""","No clause found. cl.4: ""The period of support ... will be reduced by periods of study undertaken towards the degree prior to the commencement of the scholarship"" (the UTAS degree only).","None found.","""AUD $34,315 per annum (2026 rate). This rate is indexed annually on 1st January"" - ""non-taxable""; relocation up to AUD 2,000. ""International: Unless a Tuition Fee offset has been awarded, international HDR candidates are charged tuition fees""; ""A tuition fee waiver may be offered to eligible international applicants following competitive assessment."" ""The TGRS does not cover costs and fees, such as the Student Services and Amenities Fee, Overseas Health Cover, and visa costs."" OSHC ~AUD 4,467 (60 months, single). Stipend alone is NOT fully funded. Advertised projects quote ""Up to $44,315 pa"" / ""Up to $39,315 pa"" incl. top-ups.","PhD 3.5 years FTE (candidature max 4)","International & Domestic round for 2027: closes 1 Oct 2026 11.59pm AEST, outcomes 4 Dec 2026 (1 Jun 2026 round was domestic only; 1 Feb 2026 closed). 29 Marine & Antarctic + 18 Earth Sciences projects listed, several international-open closing 1 Oct. English: IELTS 7.0 (no band <6.5) / TOEFL 94 / PTE 65 / Cambridge C1 Advanced grade C within 2 years, or degree ""entirely in English""; UNIcert III not accepted. CSIRO Hobart top-ups: ""generally required to be Australian Citizens or hold Permanent Residency"" (skill-shortage exception only).","TIED","1, 2, 3, 4 (IMAS; CSIRO Environment and AAD co-located)","2026-09-07"
"JCU International Research Training Program (IRTP) Scholarship / JCU Postgraduate Research Scholarship","Australian Government RTP / James Cook University","Australia (Townsville/Cairns)","https://www.jcu.edu.au/graduate-research-school/hdr-candidates/postgraduate-research-scholarships/hdr-scholarships-for-international-candidates","ELIGIBLE (next round 1 Feb 2027); OSHC statements on the page contradict each other","SCHOLARSHIP (tied; awarded with admission; advisers endorse)","""Citizenship: International Students (excluding JCUS based)""","""applicants who already hold a research doctorate (PhD or equivalent) will not be prioritised for RTP funding, including fee-offset scholarships."" ""Preference is given to applicants who have not previously completed a research doctorate."" -> ranking preference keyed to COMPLETION; he passes.","None found.","IRTP: ""Inclusions: Living allowance stipend $37,500 pa in 2027, single overseas health cover, tuition fees."" ""Exclusions: Relocation expenses, Student Services and Amenities Fee."" BUT same page: ""HDR scholarships do not cover Overseas Student Health Cover (OSHC) or relocation expenses"" - contradiction; confirm with grs@jcu.edu.au. Postgraduate Research Scholarship: $37,500 + tuition, OSHC EXCLUDED. OSHC 2026 quote AUD 4,702 single.","3.5 years PhD","1 Sep 2026 round CLOSED (Mar 2027 start). Next: 1 Feb 2027 (Jul 2027 start, outcomes 3 May 2027); 1 Sep 2027 (Mar 2028 start). English ""ELR Band 2"" (thresholds not verified).","TIED","1, 3, 4 (tropical marine)","2026-09-07"
"AIMS@JCU Scholarship (Australian Institute of Marine Science / JCU joint venture)","AIMS@JCU (administered by JCU Graduate Research School)","Australia (Townsville)","https://www.jcu.edu.au/graduate-research-school/hdr-candidates/postgraduate-research-scholarships/hdr-scholarships-for-international-candidates","ELIGIBLE for internationals; OSHC excluded; needs AIMS co-supervisor and extra form","SCHOLARSHIP (tied to AIMS-aligned project)","""Citizenship: International Students (excluding JCUS based)""","No clause on the AIMS@JCU row; JCU-wide RTP preference language applies (completion-keyed).","None found.","""Inclusions: Living allowance stipend $37,500 pa in 2027 + $7,500 pa as living allowance stipend or project expenses, tuition fees."" ""Exclusions: Overseas health cover, relocation expenses, Student Services and Amenities Fee.""","3.5 years PhD","Same JCU international rounds: 1 Sep 2026 closed; next 1 Feb 2027 (Jul 2027 start); 1 Sep 2027. Requires the ""AIMS@JCU Scholarship Application Form"" with the JCU application and an AIMS scientist willing to co-supervise (start 2-3 months out). The old aimsatjcu.jcu.edu.au site no longer resolves.","TIED","1, 3, 4 (focus on ""quantitative marine science"")","2026-09-07"
"UWA 2027 International RTP Stipend and Tuition Fee Scholarships (Oceans Institute)","Australian Government RTP + University of Western Australia","Australia (Perth)","https://researchdegrees.uwa.edu.au/scholarships/1xq575/2027-international-rtp-stipend-and-tuition-fee-scholarships","CONDITIONAL - 2027 round closes 15 Sep 2026 (unreachable: needs secured supervisor + English evidence at submission); target the 2028 round ~Aug-Sep 2027","SCHOLARSHIP (tied; one application = admission + all scholarships)","""Citizenship status | International""; ITFOS Conditions cl.1.1: ""Applicants must: i) meet entry requirements to the nominated course, ii) be a citizen of an overseas country, excluding New Zealand, iii) not already holding an equivalent scholarship designed to offset tuition fees, iv) be enrolled as a full-time and internal candidate"".","""Priority may be given to applicants who intend to enrol in a HDR for the first time, and who have not: previously completed a Research Doctorate or equivalent; previously completed a Research Masters degree or equivalent, unless intending to undertake a Research Doctorate; previously held an Australian Postgraduate Award ...; previously been awarded, or in receipt of a stipend scholarship; a UWA International Fee Scholarship ..."" -> none of the bullets bites, but ""for the first time"" is a ranking risk. Transcripts required ""for all tertiary education (including incomplete degrees)"".","None found.","""Scholarship value | AUD $39,253.30 per annum"" (2027); full international fee offset (RTP Fees Offset/UIFS); OSHC cl.3.2: ""RTP Fees Offset and UIFS: up to family Comprehensive OSHC policy that covers the award holder and dependents"". NOT covered cl.4.2: ""student union fee; student services and amenities fee; fieldwork or research associated charges; living or housing expense; English language course; travel or relocation expense; visa application cost; medical costs"". Best OSHC terms in Australia.","Stipend 3.5 years (PhD); ITFOS up to 4 years FTE","Open 1 Aug 2026, CLOSE 15 Sep 2026 11:59pm AWST; ranking Oct, offers from Nov, start Feb-Mar 2027. ""Applications without evidence of secured supervision will not be considered."" Must ""meet the UWA HDR English language competence requirements by the application deadline"": IELTS 6.5 (6.0 each) / TOEFL 82 / PTE 64 / CAE grade B within 2 years; German Abitur+DAAD route also needs a year of English-taught study -> fails.","TIED","1, 2, 4 (UWA Oceans Institute)","2026-09-07"
"University of Sydney RTP Stipend Scholarship (international) + RTP Fee Offset (or USYDIS + USyd Tuition Fee Scholarship)","Australian Government RTP / University of Sydney","Australia (Sydney)","https://www.sydney.edu.au/scholarships/australian-government-research-training-program/rtp-international.html","ELIGIBLE - highest stipend in Australia; realistic deadline 18 Dec 2026","SCHOLARSHIP (tied; admission application + separate scholarship form)","""You must be a commencing or enrolled domestic or international higher degree by research student."" RTP Fee Offset: ""International students ... Those awarded with a RTP Stipend Scholarship will automatically be awarded this scholarship"".","""Preference may be given to applicants who: intending to enrol or currently enrolled in a PhD, have not previously received an Australian Government or University Scholarship to complete an HDR course at the same level, have not previously completed an HDR course at the same level of study."" -> completion-keyed; he passes both.","None found.","""$44,293 p.a. stipend (2027 rate)"" / ""$42,754 p.a. stipend (2026 rate)"" + ""Relocation and thesis allowance""; RTP Fee Offset: ""100% tuition fees for up to 14 research periods. Overseas Student Health Cover (OSHC)"". USYDIS route: 100% fees but NO OSHC. SSAF and bench fees not mentioned.","Fees up to 14 research periods (~3.5 years)","Submission deadlines: 11 Sep 2026 (RP1-2 2027 - unreachable); 18 Dec 2026 (RP3-4 2027, outcomes from 2 Mar 2027); 10 Sep 2027 (RP1-2 2028). Two submissions required (admission + scholarship form); supervisor identified in admission application; English evidence with admission (UNSW-style test list; IELTS 7.0 clears). 6-10 weeks lead.","TIED","1, 2, 4 (School of Geosciences)","2026-09-07"
"University of Melbourne Research Training Program Scholarship (Stipend and Fee Offset)","Australian Government + University of Melbourne","Australia (Melbourne)","https://scholarships.unimelb.edu.au/awards/research-training-program-scholarship","ELIGIBLE (complete package: stipend + 4-yr fees + single OSHC + relocation); no central round - course-page deadlines","SCHOLARSHIP (tied; automatic consideration on admission)","""Eligible student type / Domestic and international students"". ""The Research Training Program Scholarship (Stipend and Fee Offset) is offered to domestic and international students ranked highest by relevant selection panels"".","""Factors such as completion of a degree at the same level of the research course for which the scholarship is sought ... may be taken into consideration."" No prior-enrolment exclusion found in award page or RTP policy.","None found.","""100% fee remission and up to $138,000"": fee offset ""up to four years for students undertaking a doctoral degree""; stipend ""$39,500 per year (2026 full-time rate)"" for up to 3.5 years, incl. limited paid sick/maternity/parenting leave; ""Relocation grant of ... $3,000 for students moving from outside Australia""; ""Overseas Student Health Cover (OSHC) Single Membership"". 350 awards. Family OSHC and bench fees not covered.","Stipend 3.5 years; fees 4 years","""Application closing dates and intake start dates can be found on the How to apply tab of each course page"" - not published centrally; read the School of Geography, Earth and Atmospheric Sciences course page. Supervisor support + research proposal + referees required (2-3 months lead).","TIED","1, 2, 4","2026-09-07"
"UNSW Research Training Program International (RTPI) / University International Postgraduate Award (UIPA) / Tuition Fee Scholarship","Australian Government RTP / UNSW Sydney","Australia (Sydney)","https://www.unsw.edu.au/research/hdr/scholarships","ELIGIBLE but both 2027 rounds closed; next 16 Apr 2027 for Term 1 2028. Scientia PhD Scholarship NOT verifiable (404, absent from list)","SCHOLARSHIP (tied; select round on admission application)","RTPI: ""Residency International ... Eligibility International applicants"" (same for UIPA and TFS).","No clause found on the two UNSW pages opened (T&Cs not opened).","None found.","RTPI: ""living allowance, tuition fee scholarship and single overseas student health cover (OSHC) ... $39,206 per annum (2026 rate) and a Tuition Fee Scholarship."" UIPA: same stipend + fees but NO OSHC listed. TFS: fees only, ""normally offered in conjunction with a Faculty or School funded living allowance"".","3.5 years PhD","Term 1 2027 round closed 17 Apr 2026; Term 2/3 2027 round closed 14 Aug 2026; Term 1 2028 round closes 16 Apr 2027. English evidence required ""before the scholarship deadline"" (IELTS 7.0 (6.0) / TOEFL 90 / PTE 64 / C1 Advanced 176). Stale ""GOstralia! HDR Scholarships ... For candidates from Germany, Austria and Switzerland"" entry references 2020 - one e-mail to international.grs@unsw.edu.au, not verified.","TIED","1, 4","2026-09-07"
"ANU Australian Government RTP Stipend Scholarship + RTP (International) Fee Offset - Research School of Earth Sciences","Australian Government, administered by ANU","Australia (Canberra)","https://study.anu.edu.au/scholarships/find-scholarship/australian-government-research-training-program-rtp-stipend","ELIGIBLE; 31 Aug 2026 international deadline just passed; next 15 Apr 2027","SCHOLARSHIP (tied; automatic on admission application)","""Student type / Domestic, International"". Conditions cl.5: available to a student who ""(a) is enrolled or enrolling full-time in a Higher Degree Research (HDR) program ...; (b) has demonstrated H1 or H1 equivalence in their prior studies; and (c) is not an Industry PhD candidate receiving a full-time salary.""","No clause found in scholarship page or Conditions of Award (9/2025).","None. H1-equivalence academic bar.","""$ 40,475 per annum (Full-time base RTP stipend rate 2027)""; travel/removal allowance ($2,500 international); thesis allowance up to $500; ""Dependant child allowance (International students only)""; paid medical/maternity/parental leave. OSHC: ""International recipients will be eligible for OSHC reimbursement under their RTP Fee Offset benefit ... including cover for the recipient's spouse and dependents"". Stipend alone does not pay fees - needs the RTP Fee Offset.","3.5 years (+6-month extension available)","Round 1: 31 Aug (international) for Jan-Mar start - 31 Aug 2026 passed; Round 2: 15 Apr 2027 (start by end Aug 2027); then 31 Aug 2027 (2028 start). Referee reports triggered at submission - submit 2-3 weeks early; contact HDR convener/supervisor first.","TIED","2, 4, 5 (RSES stable-isotope and organic geochemistry, palaeoclimate)","2026-09-07"
"Curtin University Australian Government RTP Scholarship (WA-Organic and Isotope Geochemistry Centre)","Australian Government, administered by Curtin","Australia (Perth)","https://www.curtin.edu.au/study/scholarships/research-training-program-rtp-scholarships/","ELIGIBLE (best scientific fit for lipid biomarkers/CSIA); 2026 EOI window closed - next 1-31 Jul 2027; WA-OIGC web pages do not resolve","SCHOLARSHIP (tied; EOI -> Invitation to Apply from a Curtin supervisor -> central ranking)","Procedures cl.2.2.1: ""An Australian Government RTP Scholarship applicant (Applicant) will be an international or domestic student eligible for admission into an accredited HDR program at Curtin"". Round page: ""Open to current and prospective domestic and international applicants.""","""Applicants who have previously completed a PhD qualification are not eligible to apply."" Procedures cl.2.6.3: priority for ""a Research Doctorate, where they currently do not hold an equivalent research qualification."" -> completion/holding-keyed; an incomplete enrolment is not caught.","None found.","RTP Fee Offset + RTP Stipend + RTP Allowance (may include ""for overseas students, a standard Overseas Student Health Cover policy ... which covers the student and their spouse and dependants""). Stipend amount NOT published on pages opened (in Conditions of Award) - assume >= Commonwealth base AUD 35,550 (2027); tax-exempt. ""RTP Scholarships are only available to PhD applicants.""","Commonwealth 3-4 years","""The RTP scholarship applications open on 1 July and close on 31 July"" (EOI within window); Invitation to Apply by end Aug; outcomes Nov; enrol by 31 Mar. 2026 window closed -> next 1-31 Jul 2027 (enrol by 31 Mar 2028). ""You can only be shortlisted once""; ""only the first nomination will be considered"". English: IELTS 6.5 (6.0) / TOEFL 81 / PTE 58 / C1 Advanced; exemption only for study in AU/NZ/IE/UK (1 semester) or CA/SG/ZA/US (1 year). Find a WA-OIGC supervisor via https://www.curtin.edu.au/research/our-researchers/.","TIED","2 (best in Australia), 1, 3, 5","2026-09-07"
"Flinders University Australian Government RTP Scholarship (reference for a hard prior-award bar)","Australian Government, administered by Flinders","Australia (Adelaide)","https://students.flinders.edu.au/my-course/hdr/resources/research-training-program-rules","CONDITIONAL - he passes, listed to show the exclusion wording; weaker field fit","SCHOLARSHIP (tied)","International applicants must be ""an international student (successful in securing an Australian Government RTP Scholarship (International) stipend)"".","""an AGRTPS will not be awarded to a student who ... Has previously held an AGRTPS (RTP stipend); an Australian Postgraduate Award (APA), or a Flinders University Research Scholarship (FURS) unless it was terminated within the first six months of the earlier award"" and excludes holders of ""a Research Doctorate or equivalent"". Both about Australian awards held / doctorate held - not triggered.","None found.","Page: ""$35,010 pa tax free for full-time study; or $17,505 pa taxable for part-time"" - does not match the Commonwealth 2026/2027 base; not verified.","Not captured","Not captured on page.","TIED","1, 4 (weak on organic geochemistry)","2026-09-07"
